route_id,day_type,hour_local,departures,on_time,late,early,delay_s_sum,headways,bunched,gapped
A11,weekday,5,2,2,0,0,474,0,0,0
A11,weekday,6,6,5,0,1,109,0,0,0
A11,weekday,7,1,0,1,0,524,0,0,0
A11,weekday,8,11,10,0,1,426,5,0,0
A11,weekday,9,6,3,3,0,3049,1,0,0
A11,weekday,10,8,8,0,0,1293,2,0,0
A11,weekday,11,6,3,3,0,3171,4,0,0
A11,weekday,12,6,5,0,1,-89,4,0,0
A11,weekday,13,2,0,2,0,1471,2,0,0
A11,weekday,14,4,4,0,0,151,3,0,0
A11,weekday,15,4,3,1,0,1266,4,0,0
A11,weekday,16,4,4,0,0,39,4,0,0
A11,weekday,17,12,8,4,0,4291,1,0,0
A11,weekday,18,11,11,0,0,1224,9,0,0
A11,weekday,19,5,4,1,0,1251,4,0,0
A11,weekday,20,7,4,0,3,-317,5,0,0
A11,weekday,21,4,1,3,0,1588,3,0,0
A11,weekday,22,7,3,1,3,-212,6,0,0
A11,weekend,6,4,4,0,0,396,0,0,0
A11,weekend,7,1,0,1,0,429,0,0,0
A11,weekend,8,5,5,0,0,520,3,0,0
A11,weekend,9,3,0,3,0,1800,0,0,0
A11,weekend,10,3,3,0,0,0,3,0,0
A11,weekend,11,6,2,4,0,3688,3,0,0
A11,weekend,12,2,2,0,0,91,1,0,0
A11,weekend,13,2,1,1,0,899,2,0,0
A11,weekend,14,1,0,1,0,459,1,0,0
A11,weekend,15,5,1,4,0,4087,3,0,0
A11,weekend,16,1,1,0,0,314,1,0,0
A11,weekend,17,2,2,0,0,425,2,0,0
A11,weekend,18,4,3,1,0,686,4,0,0
A11,weekend,19,1,1,0,0,400,1,0,0
A11,weekend,20,5,5,0,0,126,5,0,0
A11,weekend,21,1,1,0,0,343,1,0,0
A11,weekend,22,5,5,0,0,483,5,0,0
A12,weekday,5,3,3,0,0,757,0,0,0
A12,weekday,6,10,10,0,0,1487,0,0,0
A12,weekday,7,3,2,1,0,1424,1,0,0
A12,weekday,8,14,14,0,0,2205,7,0,0
A12,weekday,9,1,0,1,0,438,0,0,0
A12,weekday,10,21,19,0,2,1270,16,0,0
A12,weekday,11,1,0,1,0,1310,0,0,0
A12,weekday,12,16,14,0,2,135,13,0,0
A12,weekday,14,9,7,1,1,841,8,0,0
A12,weekday,15,3,1,2,0,2356,0,0,0
A12,weekday,16,4,4,0,0,142,4,0,0
A12,weekday,17,15,5,10,0,8540,1,0,0
A12,weekday,18,15,11,3,1,3211,11,0,0
A12,weekday,19,1,1,0,0,400,0,0,0
A12,weekday,20,23,20,0,3,562,19,0,0
A12,weekday,21,1,0,1,0,523,1,0,0
A12,weekday,22,3,3,0,0,-197,2,0,0
A12,weekend,6,2,2,0,0,-89,0,0,0
A12,weekend,7,1,1,0,0,343,0,0,0
A12,weekend,8,6,4,0,2,-48,0,0,0
A12,weekend,9,1,1,0,0,374,0,0,0
A12,weekend,10,7,7,0,0,67,2,0,0
A12,weekend,11,1,1,0,0,225,0,0,0
A12,weekend,12,7,7,0,0,1275,6,0,0
A12,weekend,13,3,1,2,0,2144,1,0,0
A12,weekend,14,6,6,0,0,704,6,0,0
A12,weekend,15,2,1,1,0,1063,1,0,0
A12,weekend,16,6,5,0,1,93,6,0,0
A12,weekend,17,1,1,0,0,162,1,0,0
A12,weekend,18,7,7,0,0,406,7,0,0
A12,weekend,19,1,0,1,0,608,0,0,0
A12,weekend,20,9,6,0,3,-57,8,0,0
A12,weekend,22,7,6,0,1,461,4,0,0
A1X,weekday,6,9,9,0,0,807,0,0,0
A1X,weekday,7,8,8,0,0,1664,1,0,0
A1X,weekday,8,11,11,0,0,954,3,0,0
A1X,weekday,9,9,7,2,0,3237,7,0,0
A1X,weekday,10,15,14,1,0,2186,15,2,0
A1X,weekday,11,4,2,2,0,1828,4,0,0
A1X,weekday,12,18,17,0,1,1810,15,0,0
A1X,weekday,13,1,1,0,0,227,1,0,0
A1X,weekday,14,11,10,0,1,1008,11,0,0
A1X,weekday,15,5,3,2,0,1814,5,0,0
A1X,weekday,16,9,6,1,2,1249,7,0,0
A1X,weekday,17,23,15,7,1,7018,11,1,0
A1X,weekday,18,14,13,0,1,1449,11,0,0
A1X,weekday,19,8,2,6,0,3177,8,0,0
A1X,weekday,20,16,16,0,0,327,15,0,0
A1X,weekday,22,9,9,0,0,954,8,0,0
A1X,weekend,7,1,0,1,0,497,0,0,0
A1X,weekend,8,7,6,1,0,923,0,0,0
A1X,weekend,9,1,1,0,0,280,1,0,0
A1X,weekend,10,5,5,0,0,900,5,0,0
A1X,weekend,11,1,1,0,0,252,1,0,0
A1X,weekend,12,7,7,0,0,1067,6,0,0
A1X,weekend,13,3,1,2,0,1959,1,0,0
A1X,weekend,14,7,7,0,0,786,7,0,0
A1X,weekend,15,1,0,1,0,493,0,0,0
A1X,weekend,16,4,4,0,0,435,4,0,0
A1X,weekend,18,4,4,0,0,415,4,0,0
A1X,weekend,19,1,1,0,0,340,1,0,0
A1X,weekend,20,8,7,0,1,487,8,0,0
A1X,weekend,21,1,1,0,0,312,1,0,0
A1X,weekend,22,5,5,0,0,618,5,0,0
A25,weekday,6,3,3,0,0,279,0,0,0
A25,weekday,7,2,2,0,0,414,0,0,0
A25,weekday,8,6,6,0,0,666,1,0,0
A25,weekday,16,1,1,0,0,186,0,0,0
A25,weekday,17,4,4,0,0,394,0,0,0
A25,weekday,18,8,7,1,0,1459,3,0,1
A27,weekday,5,1,1,0,0,220,0,0,0
A27,weekday,6,12,12,0,0,869,0,0,0
A27,weekday,7,3,3,0,0,309,0,0,0
A27,weekday,8,21,20,1,0,2838,6,0,0
A27,weekday,9,1,1,0,0,402,1,0,0
A27,weekday,10,27,25,0,2,2677,13,0,0
A27,weekday,11,4,3,1,0,1084,4,0,0
A27,weekday,12,23,20,1,2,2137,20,0,0
A27,weekday,13,3,2,1,0,1054,3,0,0
A27,weekday,14,12,11,1,0,2477,12,0,0
A27,weekday,15,5,2,3,0,2448,4,0,0
A27,weekday,16,7,7,0,0,564,7,0,0
A27,weekday,17,13,11,2,0,3724,3,2,0
A27,weekday,18,15,15,0,0,1232,8,0,0
A27,weekday,19,4,1,3,0,1911,3,0,0
A27,weekday,20,23,22,0,1,2066,19,0,0
A27,weekday,21,4,2,2,0,3678,4,0,0
A27,weekday,22,17,16,0,1,855,13,0,0
A27,weekend,5,1,1,0,0,158,0,0,0
A27,weekend,6,6,6,0,0,674,0,0,0
A27,weekend,7,1,0,1,0,821,0,0,0
A27,weekend,8,8,7,0,1,831,5,0,0
A27,weekend,9,4,2,2,0,1581,0,0,0
A27,weekend,10,5,4,1,0,1010,4,0,0
A27,weekend,11,2,1,1,0,1141,1,0,0
A27,weekend,12,9,9,0,0,1087,7,0,0
A27,weekend,13,5,1,4,0,3871,3,0,0
A27,weekend,14,4,4,0,0,477,4,0,0
A27,weekend,15,4,1,3,0,2591,3,0,0
A27,weekend,16,3,3,0,0,634,3,0,0
A27,weekend,17,3,0,3,0,1910,2,0,0
A27,weekend,18,6,4,1,1,1253,6,0,0
A27,weekend,19,1,0,1,0,1359,0,0,0
A27,weekend,20,6,4,0,2,417,6,0,0
A27,weekend,21,1,1,0,0,108,1,0,0
A27,weekend,22,9,9,0,0,634,9,0,0
A28,weekday,6,11,11,0,0,625,0,0,0
A28,weekday,7,1,1,0,0,287,0,0,0
A28,weekday,8,7,6,0,1,401,3,0,0
A28,weekday,16,1,1,0,0,260,0,0,0
A28,weekday,17,11,7,3,1,3278,3,0,1
A28,weekday,18,9,7,0,2,317,4,0,0
A29,weekday,6,4,3,1,0,1225,0,0,0
A29,weekday,7,3,1,2,0,1539,0,0,0
A29,weekday,8,7,6,1,0,835,3,0,0
A29,weekday,15,1,0,1,0,587,0,0,0
A29,weekday,16,3,3,0,0,140,0,0,0
A29,weekday,17,7,3,3,1,2751,2,0,0
A29,weekday,18,5,4,0,1,13,5,0,0
A40,weekday,5,3,3,0,0,757,0,0,0
A40,weekday,6,18,18,0,0,1173,1,0,0
A40,weekday,7,11,7,4,0,4282,5,0,0
A40,weekday,8,39,39,0,0,5703,32,0,0
A40,weekday,9,5,2,3,0,2095,5,0,0
A40,weekday,10,25,25,0,0,2473,23,1,0
A40,weekday,11,6,4,2,0,2458,6,0,0
A40,weekday,12,12,12,0,0,1479,11,0,0
A40,weekday,14,10,10,0,0,1170,10,0,0
A40,weekday,15,8,5,3,0,2733,8,0,0
A40,weekday,16,19,18,1,0,2202,17,1,0
A40,weekday,17,36,35,1,0,5550,20,1,0
A40,weekday,18,41,38,3,0,7734,39,0,0
A40,weekday,19,14,6,8,0,6486,14,0,0
A40,weekday,20,12,12,0,0,1312,12,1,0
A40,weekday,21,8,2,6,0,3932,8,0,0
A40,weekday,22,15,15,0,0,1217,15,0,0
A40,weekend,6,7,7,0,0,990,0,0,0
A40,weekend,8,11,10,1,0,1727,4,0,0
A40,weekend,9,2,0,2,0,1582,0,0,0
A40,weekend,10,11,11,0,0,1694,10,1,0
A40,weekend,11,3,1,2,0,1189,3,0,0
A40,weekend,12,11,11,0,0,634,10,0,0
A40,weekend,13,4,2,2,0,2243,4,0,0
A40,weekend,14,10,9,0,1,761,10,1,0
A40,weekend,15,1,1,0,0,250,1,0,0
A40,weekend,16,10,10,0,0,1367,10,0,0
A40,weekend,17,5,4,1,0,1761,5,0,0
A40,weekend,18,7,5,0,2,941,7,0,0
A40,weekend,19,3,1,2,0,1645,3,0,0
A40,weekend,20,11,11,0,0,277,11,0,0
A40,weekend,21,2,0,2,0,1025,2,0,0
A40,weekend,22,8,8,0,0,424,8,0,0
A49,weekday,6,17,15,0,2,1058,0,0,0
A49,weekday,7,6,1,5,0,3624,0,0,0
A49,weekday,8,17,17,0,0,2153,7,0,0
A49,weekday,15,1,1,0,0,220,0,0,0
A49,weekday,16,1,1,0,0,135,0,0,0
A49,weekday,17,22,9,13,0,14499,6,0,0
A49,weekday,18,21,16,0,5,-488,12,0,0
A58,weekday,6,17,17,0,0,1658,0,0,0
A58,weekday,7,4,3,1,0,1374,1,0,0
A58,weekday,8,30,28,1,1,3321,4,0,0
A58,weekday,9,10,4,6,0,4136,9,0,0
A58,weekday,10,33,32,0,1,1416,27,0,0
A58,weekday,11,7,3,4,0,3085,7,0,0
A58,weekday,12,31,31,0,0,3244,29,0,0
A58,weekday,13,3,3,0,0,490,3,0,0
A58,weekday,14,17,17,0,0,1482,17,0,0
A58,weekday,15,8,2,6,0,4517,5,0,0
A58,weekday,16,11,10,1,0,1961,8,0,0
A58,weekday,17,33,16,17,0,20113,12,0,0
A58,weekday,18,31,27,4,0,6487,21,3,0
A58,weekday,19,19,6,13,0,11027,16,0,0
A58,weekday,20,23,19,1,3,3642,21,2,0
A58,weekday,21,7,4,3,0,3363,7,0,0
A58,weekday,22,13,13,0,0,1648,12,0,0
A58,weekend,6,10,9,0,1,-208,0,0,0
A58,weekend,7,2,1,1,0,772,0,0,0
A58,weekend,8,15,15,0,0,1278,6,0,0
A58,weekend,9,1,0,1,0,702,0,0,0
A58,weekend,10,14,13,0,1,532,8,0,0
A58,weekend,11,2,2,0,0,631,2,0,0
A58,weekend,12,19,15,0,4,735,18,0,0
A58,weekend,13,3,2,1,0,1174,3,0,0
A58,weekend,14,19,19,0,0,1439,16,0,0
A58,weekend,15,6,2,4,0,2979,4,0,0
A58,weekend,16,13,12,0,1,1449,13,0,0
A58,weekend,17,3,1,2,0,1655,3,0,0
A58,weekend,18,15,11,0,4,-191,14,0,0
A58,weekend,19,4,1,3,0,1864,4,0,0
A58,weekend,20,17,17,0,0,1524,15,0,0
A58,weekend,21,3,0,3,0,2526,3,0,0
A58,weekend,22,8,5,0,3,-655,7,1,0
A66,weekday,6,4,4,0,0,132,0,0,0
A66,weekday,7,3,3,0,0,854,3,0,0
A66,weekday,8,12,11,0,1,245,0,0,0
A66,weekday,10,9,9,0,0,1109,7,0,0
A66,weekday,11,1,0,1,0,532,0,0,0
A66,weekday,12,10,10,0,0,1469,8,0,0
A66,weekday,14,6,6,0,0,578,6,0,0
A66,weekday,16,3,3,0,0,19,3,0,0
A66,weekday,17,7,4,2,1,1507,1,0,0
A66,weekday,18,8,8,0,0,1150,4,0,0
A66,weekday,20,10,10,0,0,1487,7,0,0
A66,weekend,6,1,1,0,0,15,0,0,0
A66,weekend,7,1,1,0,0,402,0,0,0
A66,weekend,8,2,1,0,1,28,0,0,0
A66,weekend,10,2,2,0,0,80,2,0,0
A66,weekend,11,1,1,0,0,345,1,0,0
A66,weekend,12,2,2,0,0,268,2,0,0
A66,weekend,14,3,3,0,0,338,2,0,0
A66,weekend,15,2,1,1,0,893,1,0,0
A66,weekend,18,1,1,0,0,48,1,0,0
A66,weekend,19,1,1,0,0,338,1,0,0
A66,weekend,20,1,1,0,0,219,1,0,0
A70,weekday,5,5,4,1,0,1410,0,0,0
A70,weekday,6,15,15,0,0,2123,0,0,0
A70,weekday,7,2,1,1,0,1143,0,0,0
A70,weekday,8,23,20,0,3,1300,8,0,0
A70,weekday,9,4,4,0,0,868,2,0,0
A70,weekday,10,22,20,0,2,1662,12,0,0
A70,weekday,11,5,4,1,0,1372,4,0,0
A70,weekday,12,24,20,2,2,2880,22,0,0
A70,weekday,13,3,2,1,0,1057,3,0,0
A70,weekday,14,12,12,0,0,665,12,0,0
A70,weekday,15,1,0,1,0,646,0,0,0
A70,weekday,16,13,12,0,1,1241,10,0,0
A70,weekday,17,15,5,10,0,6760,4,1,0
A70,weekday,18,13,13,0,0,1190,9,0,0
A70,weekday,19,6,3,3,0,3788,3,0,0
A70,weekday,20,26,23,0,3,2382,20,1,0
A70,weekday,21,2,1,1,0,1081,2,0,0
A70,weekday,22,9,9,0,0,489,8,0,0
A70,weekend,6,4,4,0,0,556,0,0,0
A70,weekend,7,2,0,2,0,1399,0,0,0
A70,weekend,8,11,10,0,1,1591,3,0,0
A70,weekend,9,3,2,1,0,1234,1,0,0
A70,weekend,10,7,7,0,0,898,6,0,0
A70,weekend,11,5,2,3,0,2315,4,0,0
A70,weekend,12,8,7,1,0,1633,7,0,0
A70,weekend,13,5,1,4,0,2644,4,0,0
A70,weekend,14,10,7,2,1,955,9,0,0
A70,weekend,15,4,0,4,0,3589,4,0,0
A70,weekend,16,9,7,2,0,1383,9,1,0
A70,weekend,17,4,2,2,0,1947,3,0,0
A70,weekend,18,10,8,2,0,2659,10,0,0
A70,weekend,19,2,1,1,0,1279,2,0,0
A70,weekend,20,11,9,2,0,2482,10,0,0
A70,weekend,21,1,0,1,0,705,1,0,0
A70,weekend,22,6,6,0,0,150,5,0,0
A71,weekday,7,1,0,1,0,611,0,0,0
A71,weekday,8,11,9,2,0,2088,0,0,0
A71,weekday,9,3,3,0,0,788,3,0,0
A71,weekday,10,12,12,0,0,1738,4,0,0
A71,weekday,11,2,0,2,0,1552,1,0,0
A71,weekday,12,12,10,1,1,1504,11,0,0
A71,weekday,14,9,8,0,1,564,8,0,0
A71,weekday,15,1,0,1,0,583,0,0,0
A71,weekday,16,7,7,0,0,535,7,0,0
A71,weekday,17,6,5,1,0,1309,0,0,0
A71,weekday,18,10,10,0,0,1156,6,0,0
A71,weekday,19,2,0,2,0,2506,2,0,0
A71,weekday,20,13,11,0,2,1095,7,0,0
A71,weekday,21,3,2,1,0,1030,2,0,0
A71,weekday,22,5,5,0,0,660,5,0,0
A71,weekend,7,3,2,1,0,1146,0,0,0
A71,weekend,8,2,2,0,0,113,0,0,0
A71,weekend,10,5,4,0,1,-151,4,0,0
A71,weekend,12,5,5,0,0,397,5,0,0
A71,weekend,14,2,2,0,0,-40,2,0,0
A71,weekend,15,1,1,0,0,341,1,0,0
A71,weekend,16,3,3,0,0,275,3,0,0
A71,weekend,18,5,5,0,0,400,5,0,0
A71,weekend,19,1,1,0,0,161,1,0,0
A71,weekend,20,5,5,0,0,180,5,0,0
A76,weekday,6,11,11,0,0,660,0,0,0
A76,weekday,8,27,27,0,0,2032,8,0,0
A76,weekday,10,21,19,1,1,1930,20,0,0
A76,weekday,12,19,19,0,0,1315,18,0,0
A76,weekday,14,12,10,0,2,-177,11,0,0
A76,weekday,15,4,3,1,0,1448,0,0,0
A76,weekday,16,7,6,1,0,1560,3,0,0
A76,weekday,17,17,12,5,0,6774,4,1,0
A76,weekday,18,13,8,3,2,2465,7,0,0
A76,weekday,19,6,3,3,0,2705,3,0,0
A76,weekday,20,8,8,0,0,1643,3,0,0
A76,weekday,21,1,0,1,0,434,1,0,0
A76,weekday,22,4,4,0,0,566,4,0,0
A76,weekend,6,1,1,0,0,75,0,0,0
A76,weekend,8,9,8,0,1,434,1,0,0
A76,weekend,9,1,1,0,0,225,0,0,0
A76,weekend,10,6,5,1,0,1059,4,0,0
A76,weekend,11,1,1,0,0,196,1,0,0
A76,weekend,12,8,7,1,0,970,7,0,0
A76,weekend,13,1,1,0,0,255,1,0,0
A76,weekend,14,9,9,0,0,641,9,0,0
A76,weekend,15,1,1,0,0,311,1,0,0
A76,weekend,16,9,9,0,0,588,9,0,0
A76,weekend,18,6,6,0,0,478,6,0,0
A76,weekend,19,1,1,0,0,312,1,0,0
A76,weekend,20,10,10,0,0,849,10,0,0
A90,weekday,6,6,6,0,0,239,1,0,0
A90,weekday,8,6,6,0,0,540,4,0,0
A90,weekday,10,4,4,0,0,260,4,0,0
A90,weekday,12,6,6,0,0,423,6,0,0
A90,weekday,14,3,3,0,0,166,2,0,0
A90,weekday,16,4,4,0,0,152,4,0,0
A90,weekday,17,3,3,0,0,58,0,0,0
A90,weekday,18,4,4,0,0,331,4,0,0
C11,weekday,5,3,3,0,0,733,0,0,0
C11,weekday,6,21,19,2,0,3668,0,0,0
C11,weekday,7,4,2,2,0,1615,0,0,0
C11,weekday,8,22,20,0,2,1408,14,0,0
C11,weekday,9,9,6,3,0,3341,7,0,0
C11,weekday,10,14,14,0,0,1863,9,0,0
C11,weekday,11,5,3,2,0,2067,3,0,0
C11,weekday,12,20,20,0,0,1703,18,0,0
C11,weekday,13,4,1,3,0,1791,4,0,0
C11,weekday,14,10,9,0,1,310,10,0,0
C11,weekday,15,6,2,4,0,3726,5,0,0
C11,weekday,16,14,11,0,3,511,13,0,0
C11,weekday,17,19,6,12,1,9343,3,0,0
C11,weekday,18,21,15,1,5,230,16,0,0
C11,weekday,19,3,0,3,0,1505,3,0,0
C11,weekday,20,18,13,0,5,-1586,14,0,0
C11,weekday,21,7,1,6,0,4462,6,0,0
C11,weekday,22,16,15,1,0,2956,16,0,0
C11,weekend,5,2,1,1,0,965,0,0,0
C11,weekend,6,8,8,0,0,1008,0,0,0
C11,weekend,8,15,8,0,7,-2190,7,0,0
C11,weekend,9,3,1,2,0,1774,1,0,0
C11,weekend,10,9,9,0,0,309,7,0,0
C11,weekend,11,4,0,4,0,2636,3,0,0
C11,weekend,12,6,5,0,1,-182,6,0,0
C11,weekend,13,2,0,2,0,973,1,0,0
C11,weekend,14,12,7,0,5,-465,11,0,0
C11,weekend,15,1,1,0,0,312,1,0,0
C11,weekend,16,9,9,0,0,160,9,0,0
C11,weekend,17,3,0,3,0,2146,3,0,0
C11,weekend,18,8,6,0,2,-309,8,0,0
C11,weekend,19,1,0,1,0,996,1,0,0
C11,weekend,20,11,7,1,3,-17,11,0,0
C11,weekend,21,1,0,1,0,646,0,0,0
C11,weekend,22,13,10,0,3,1246,12,0,0
C13,weekday,5,1,1,0,0,310,0,0,0
C13,weekday,6,21,17,0,4,630,1,0,0
C13,weekday,8,16,12,0,4,6,14,1,0
C13,weekday,9,8,1,7,0,3969,4,0,0
C13,weekday,10,17,15,0,2,1675,15,1,0
C13,weekday,11,9,5,4,0,3618,8,0,0
C13,weekday,12,16,15,0,1,1522,15,1,0
C13,weekday,13,1,1,0,0,196,1,0,0
C13,weekday,14,8,7,0,1,564,7,0,0
C13,weekday,15,4,2,2,0,2550,4,0,0
C13,weekday,16,5,4,1,0,770,5,1,0
C13,weekday,17,15,11,4,0,4351,4,0,0
C13,weekday,18,16,16,0,0,2262,13,0,0
C13,weekday,19,11,6,5,0,5855,10,2,0
C13,weekday,20,14,14,0,0,941,13,0,0
C13,weekday,21,4,4,0,0,1352,4,0,0
C13,weekday,22,13,13,0,0,1104,13,0,0
C13,weekend,5,1,0,1,0,465,0,0,0
C13,weekend,6,8,7,1,0,1218,0,0,0
C13,weekend,7,1,1,0,0,254,0,0,0
C13,weekend,8,9,7,0,2,-291,7,0,0
C13,weekend,9,4,3,1,0,1282,1,0,0
C13,weekend,10,7,5,1,1,816,6,0,0
C13,weekend,11,2,2,0,0,499,2,0,0
C13,weekend,12,9,8,0,1,552,9,0,0
C13,weekend,13,1,1,0,0,390,1,0,0
C13,weekend,14,11,8,0,3,119,11,0,0
C13,weekend,15,2,1,1,0,716,2,0,0
C13,weekend,16,9,8,0,1,497,9,0,0
C13,weekend,17,3,2,1,0,1213,3,0,0
C13,weekend,18,8,8,0,0,661,8,0,0
C13,weekend,19,3,2,1,0,1135,3,0,0
C13,weekend,20,5,5,0,0,654,5,0,0
C13,weekend,22,6,5,0,1,1070,6,0,0
C15,weekday,6,12,12,0,0,899,0,0,0
C15,weekday,7,13,8,5,0,5584,3,0,0
C15,weekday,8,7,7,0,0,990,3,1,0
C15,weekday,9,4,2,2,0,1723,2,0,0
C15,weekday,10,19,16,0,3,126,9,0,0
C15,weekday,11,5,2,3,0,2057,5,0,0
C15,weekday,12,14,13,0,1,1986,10,0,0
C15,weekday,13,3,2,1,0,1095,3,0,0
C15,weekday,14,7,4,0,3,-1258,5,0,0
C15,weekday,15,7,2,5,0,5841,7,1,0
C15,weekday,16,6,4,2,0,2877,4,0,0
C15,weekday,17,20,8,12,0,18167,9,1,2
C15,weekday,18,13,9,4,0,3388,7,1,0
C15,weekday,19,5,2,3,0,3201,5,0,0
C15,weekday,20,14,13,0,1,584,11,2,0
C15,weekday,22,12,12,0,0,343,10,0,0
C15,weekend,6,3,3,0,0,647,0,0,0
C15,weekend,7,2,2,0,0,745,0,0,0
C15,weekend,8,6,6,0,0,348,2,0,0
C15,weekend,9,2,1,1,0,1137,1,0,0
C15,weekend,10,5,3,0,2,-117,2,0,0
C15,weekend,12,8,8,0,0,435,5,0,0
C15,weekend,13,3,2,1,0,1056,2,0,0
C15,weekend,14,10,8,1,1,147,9,0,0
C15,weekend,15,2,2,0,0,412,1,0,0
C15,weekend,16,8,7,0,1,176,7,0,0
C15,weekend,17,1,0,1,0,972,1,0,0
C15,weekend,18,7,7,0,0,530,7,0,0
C15,weekend,19,3,3,0,0,720,2,0,0
C15,weekend,20,7,7,0,0,184,7,0,0
C15,weekend,21,2,0,2,0,1106,2,0,0
C15,weekend,22,6,4,1,1,356,6,0,0
C17,weekday,6,6,6,0,0,910,0,0,0
C17,weekday,7,3,2,1,0,941,0,0,0
C17,weekday,8,20,19,1,0,1656,4,0,0
C17,weekday,9,5,5,0,0,1438,3,0,0
C17,weekday,10,14,14,0,0,1852,14,0,0
C17,weekday,11,2,0,2,0,1569,2,0,0
C17,weekday,12,13,11,1,1,1704,11,0,0
C17,weekday,13,3,2,1,0,998,3,0,0
C17,weekday,14,8,7,0,1,584,8,0,0
C17,weekday,15,1,0,1,0,951,1,0,0
C17,weekday,16,9,8,0,1,426,9,0,0
C17,weekday,17,16,10,5,1,4330,3,0,0
C17,weekday,18,16,16,0,0,2984,13,0,0
C17,weekday,19,5,3,2,0,1804,5,0,0
C17,weekday,20,16,15,0,1,2382,16,1,0
C17,weekday,21,9,6,3,0,3367,9,0,0
C17,weekday,22,9,8,1,0,1671,9,0,0
C17,weekend,6,3,3,0,0,-8,0,0,0
C17,weekend,7,1,1,0,0,257,0,0,0
C17,weekend,8,3,2,0,1,104,0,0,0
C17,weekend,9,1,1,0,0,162,1,0,0
C17,weekend,10,3,3,0,0,354,1,0,0
C17,weekend,11,2,0,2,0,959,2,0,0
C17,weekend,12,2,2,0,0,27,0,0,0
C17,weekend,14,7,7,0,0,775,3,0,0
C17,weekend,15,2,0,2,0,1405,2,0,0
C17,weekend,16,6,6,0,0,47,5,0,0
C17,weekend,18,4,4,0,0,114,4,0,0
C17,weekend,20,3,2,0,1,-172,3,0,0
C17,weekend,22,4,4,0,0,603,4,0,0
C21,weekday,5,2,1,1,0,842,0,0,0
C21,weekday,6,21,20,0,1,1878,0,0,0
C21,weekday,7,11,8,3,0,4116,5,0,0
C21,weekday,8,32,22,4,6,2723,15,2,0
C21,weekday,9,9,5,4,0,3283,7,0,0
C21,weekday,10,38,30,0,8,-318,27,0,0
C21,weekday,11,7,2,5,0,3115,7,0,0
C21,weekday,12,42,35,0,7,213,39,1,0
C21,weekday,13,4,3,1,0,1700,4,0,0
C21,weekday,14,17,14,0,3,67,16,1,0
C21,weekday,15,14,3,11,0,8368,14,0,0
C21,weekday,16,11,7,4,0,4292,9,0,0
C21,weekday,17,28,10,17,1,13418,13,2,0
C21,weekday,18,46,34,5,7,7027,37,4,1
C21,weekday,19,5,1,4,0,2273,4,0,0
C21,weekday,20,34,25,2,7,874,31,1,0
C21,weekday,21,4,2,2,0,1827,4,0,0
C21,weekday,22,39,26,0,13,-773,38,0,0
C21,weekend,5,1,1,0,0,378,0,0,0
C21,weekend,6,15,13,1,1,1820,0,0,0
C21,weekend,7,3,3,0,0,847,1,0,0
C21,weekend,8,20,13,0,7,46,14,1,0
C21,weekend,9,2,2,0,0,443,2,0,0
C21,weekend,10,17,10,0,7,-557,12,1,0
C21,weekend,11,4,3,1,0,1225,4,0,0
C21,weekend,12,25,11,0,14,-4503,22,4,0
C21,weekend,14,22,15,0,7,-1382,22,0,0
C21,weekend,15,3,2,1,0,1137,3,0,0
C21,weekend,16,16,13,0,3,-595,16,0,0
C21,weekend,17,2,2,0,0,423,2,0,0
C21,weekend,18,21,19,0,2,833,21,0,0
C21,weekend,19,1,1,0,0,339,1,0,0
C21,weekend,20,19,12,0,7,-2160,19,1,0
C21,weekend,21,4,2,2,0,1528,4,0,0
C21,weekend,22,20,19,0,1,1876,20,0,0
C23,weekday,6,1,1,0,0,170,0,0,0
C23,weekday,8,11,7,0,4,-742,0,0,0
C23,weekday,10,13,9,0,4,76,6,0,0
C23,weekday,11,2,1,1,0,911,2,0,0
C23,weekday,12,7,3,0,4,-235,5,0,0
C23,weekday,13,1,1,0,0,161,1,0,0
C23,weekday,14,6,5,0,1,341,3,0,0
C23,weekday,15,4,2,2,0,2493,3,0,0
C23,weekday,16,7,7,0,0,821,6,0,0
C23,weekday,17,7,4,2,1,2279,1,0,0
C23,weekday,18,12,8,0,4,-981,8,0,0
C23,weekday,19,2,1,1,0,882,2,0,0
C23,weekday,20,12,10,0,2,664,8,0,0
C23,weekday,22,7,5,0,2,253,4,0,0
C23,weekend,6,2,2,0,0,278,0,0,0
C23,weekend,8,6,4,0,2,-77,0,0,0
C23,weekend,10,4,2,0,2,-710,3,0,0
C23,weekend,12,4,1,0,3,-544,4,0,0
C23,weekend,14,7,5,0,2,517,6,0,0
C23,weekend,15,1,1,0,0,193,0,0,0
C23,weekend,16,6,4,0,2,387,5,0,0
C23,weekend,17,1,1,0,0,137,1,0,0
C23,weekend,18,7,6,0,1,181,7,0,0
C23,weekend,19,1,1,0,0,397,1,0,0
C23,weekend,20,5,5,0,0,351,5,0,0
C23,weekend,21,1,1,0,0,254,0,0,0
C23,weekend,22,8,6,1,1,749,8,0,0
C25,weekday,7,4,3,1,0,1706,0,0,0
C25,weekday,8,1,1,0,0,76,0,0,0
C25,weekday,9,5,1,4,0,2462,3,0,0
C25,weekday,10,8,8,0,0,-174,1,0,0
C25,weekday,11,1,0,1,0,463,1,0,0
C25,weekday,12,5,5,0,0,75,5,0,0
C25,weekday,14,3,3,0,0,280,3,0,0
C25,weekday,16,3,2,0,1,49,1,0,0
C25,weekday,17,5,4,1,0,1270,2,0,0
C25,weekday,18,7,5,2,0,1850,2,0,0
C25,weekday,19,1,0,1,0,640,1,0,0
C25,weekday,20,4,3,0,1,76,4,0,0
C25,weekend,8,2,2,0,0,-67,0,0,0
C25,weekend,10,3,3,0,0,34,2,0,0
C25,weekend,12,1,1,0,0,11,1,0,0
C25,weekend,13,1,1,0,0,285,0,0,0
C25,weekend,14,3,3,0,0,305,3,0,0
C25,weekend,16,2,2,0,0,80,2,0,0
C25,weekend,18,3,3,0,0,251,3,0,0
C25,weekend,19,1,0,1,0,970,0,0,0
C25,weekend,20,3,3,0,0,502,3,0,0
C26,weekday,6,6,6,0,0,308,0,0,0
C26,weekday,7,4,0,4,0,2452,0,0,0
C26,weekday,8,4,4,0,0,536,0,0,0
C26,weekday,10,5,5,0,0,540,4,0,0
C26,weekday,12,3,3,0,0,74,3,0,0
C26,weekday,14,1,1,0,0,74,1,0,0
C26,weekday,16,6,6,0,0,954,4,0,0
C26,weekday,17,7,4,3,0,3369,3,0,0
C26,weekday,18,7,7,0,0,903,5,0,0
C26,weekday,20,2,2,0,0,23,2,0,0
C26,weekday,22,10,10,0,0,1515,6,0,0
C26,weekend,6,5,5,0,0,476,0,0,0
C26,weekend,8,5,5,0,0,249,2,0,0
C26,weekend,10,2,2,0,0,148,2,0,0
C26,weekend,12,5,4,0,1,43,5,0,0
C26,weekend,14,5,5,0,0,-144,5,0,0
C26,weekend,15,1,0,1,0,701,0,0,0
C26,weekend,16,4,4,0,0,14,4,0,0
C26,weekend,18,4,3,0,1,-120,4,0,0
C26,weekend,20,1,1,0,0,-113,1,0,0
C26,weekend,22,5,4,1,0,1253,5,0,0
C27,weekday,5,1,1,0,0,418,0,0,0
C27,weekday,6,9,6,1,2,517,0,0,0
C27,weekday,7,11,5,6,0,4939,0,0,0
C27,weekday,8,10,6,0,4,264,6,0,0
C27,weekday,9,4,3,1,0,950,1,0,0
C27,weekday,10,17,12,1,4,1389,9,0,0
C27,weekday,11,5,3,2,0,2707,4,0,0
C27,weekday,12,15,9,1,5,-359,13,0,0
C27,weekday,13,3,2,1,0,913,3,0,0
C27,weekday,14,11,3,0,8,-2824,9,0,0
C27,weekday,15,5,3,2,0,2368,5,0,0
C27,weekday,16,10,8,1,1,1266,9,1,0
C27,weekday,17,21,14,5,2,4976,4,0,0
C27,weekday,18,25,15,2,8,677,19,1,0
C27,weekday,19,3,1,2,0,1410,3,0,0
C27,weekday,20,12,8,1,3,737,12,0,0
C27,weekday,21,2,0,2,0,1470,2,0,0
C27,weekday,22,12,12,0,0,729,11,0,0
C27,weekend,6,1,1,0,0,-47,0,0,0
C27,weekend,7,1,0,1,0,464,0,0,0
C27,weekend,8,6,3,1,2,284,1,0,0
C27,weekend,9,2,1,1,0,863,1,0,0
C27,weekend,10,6,6,0,0,558,5,0,0
C27,weekend,11,1,0,1,0,1156,0,0,0
C27,weekend,12,6,6,0,0,892,4,0,0
C27,weekend,14,8,6,0,2,-257,7,0,0
C27,weekend,15,3,1,2,0,1811,1,0,0
C27,weekend,16,2,2,0,0,172,2,0,0
C27,weekend,17,4,1,3,0,3506,2,0,0
C27,weekend,18,6,6,0,0,447,6,1,0
C27,weekend,19,6,1,5,0,4225,4,0,0
C27,weekend,21,2,1,1,0,865,2,0,0
C27,weekend,22,2,2,0,0,629,2,0,0
C29,weekday,6,10,10,0,0,524,0,0,0
C29,weekday,7,4,3,1,0,1440,0,0,0
C29,weekday,8,13,10,1,2,1894,4,0,0
C29,weekday,9,2,2,0,0,661,1,0,0
C29,weekday,10,11,9,0,2,586,8,0,0
C29,weekday,11,1,1,0,0,351,1,0,0
C29,weekday,12,13,12,0,1,507,13,0,0
C29,weekday,13,2,1,1,0,688,0,0,0
C29,weekday,14,3,2,0,1,-76,3,0,0
C29,weekday,15,4,3,1,0,2524,4,0,0
C29,weekday,16,1,1,0,0,76,1,0,0
C29,weekday,17,10,9,1,0,2129,5,0,0
C29,weekday,18,9,9,0,0,962,3,0,0
C29,weekday,19,5,4,1,0,1376,5,0,0
C29,weekday,20,4,4,0,0,8,4,0,0
C29,weekday,21,4,3,1,0,3445,3,0,0
C29,weekday,22,6,6,0,0,1082,5,0,0
C29,weekend,6,3,2,1,0,1130,0,0,0
C29,weekend,7,2,2,0,0,563,0,0,0
C29,weekend,8,6,6,0,0,90,2,0,0
C29,weekend,10,6,6,0,0,637,5,0,0
C29,weekend,11,4,0,4,0,2918,0,0,0
C29,weekend,12,4,3,0,1,-67,4,0,0
C29,weekend,14,6,5,0,1,581,6,0,0
C29,weekend,16,3,3,0,0,243,3,0,0
C29,weekend,18,8,8,0,0,1168,7,0,0
C29,weekend,20,7,5,0,2,169,7,0,0
C29,weekend,22,2,2,0,0,-60,2,0,0
C31,weekday,5,3,2,1,0,844,0,0,0
C31,weekday,6,26,19,2,5,1051,2,1,0
C31,weekday,7,4,2,2,0,1459,2,0,0
C31,weekday,8,50,39,2,9,2955,37,0,0
C31,weekday,9,8,2,6,0,6661,7,0,0
C31,weekday,10,30,23,4,3,3562,27,1,0
C31,weekday,11,4,3,1,0,1355,4,0,0
C31,weekday,12,27,22,1,4,2317,27,0,0
C31,weekday,13,3,1,2,0,1871,3,1,0
C31,weekday,14,12,12,0,0,1443,11,0,0
C31,weekday,15,5,0,5,0,4123,5,0,0
C31,weekday,16,20,15,5,0,6052,18,1,0
C31,weekday,17,39,24,13,2,14501,20,4,0
C31,weekday,18,37,27,3,7,3782,32,9,0
C31,weekday,19,7,4,3,0,6951,7,0,0
C31,weekday,20,24,19,1,4,1104,23,1,0
C31,weekday,21,13,2,11,0,8761,13,0,0
C31,weekday,22,27,21,1,5,751,27,4,0
C31,weekend,5,2,0,2,0,1204,0,0,0
C31,weekend,6,10,7,0,3,-560,0,0,0
C31,weekend,7,1,0,1,0,587,0,0,0
C31,weekend,8,13,7,0,6,-1585,9,0,0
C31,weekend,10,18,12,0,6,-963,13,0,0
C31,weekend,11,1,1,0,0,284,1,0,0
C31,weekend,12,16,11,0,5,-666,14,0,0
C31,weekend,13,2,2,0,0,629,2,0,0
C31,weekend,14,13,9,0,4,-1052,13,0,0
C31,weekend,15,4,0,4,0,3403,4,0,0
C31,weekend,16,11,8,0,3,-378,11,1,0
C31,weekend,17,2,1,1,0,1377,2,0,0
C31,weekend,18,12,9,0,3,-545,12,0,0
C31,weekend,19,4,0,4,0,4202,4,0,0
C31,weekend,20,13,12,0,1,12,13,0,0
C31,weekend,21,2,1,1,0,696,2,0,0
C31,weekend,22,15,13,0,2,574,15,0,0
C33,weekday,5,4,3,1,0,1163,0,0,0
C33,weekday,6,6,6,0,0,764,0,0,0
C33,weekday,8,7,5,1,1,1508,7,0,0
C33,weekday,9,1,0,1,0,1000,0,0,0
C33,weekday,10,1,1,0,0,217,1,0,0
C33,weekday,12,4,3,0,1,118,1,0,0
C33,weekday,13,1,0,1,0,820,1,0,0
C33,weekday,14,1,0,0,1,-133,1,0,0
C33,weekday,15,1,1,0,0,407,1,0,0
C33,weekday,16,3,2,1,0,655,2,0,0
C33,weekday,17,5,0,4,1,3366,2,0,0
C33,weekday,18,5,2,3,0,1746,3,0,0
C33,weekday,19,2,0,2,0,2633,2,0,0
C33,weekday,20,7,7,0,0,912,5,0,0
C33,weekday,21,2,1,1,0,1261,2,0,0
C33,weekday,22,3,3,0,0,435,3,0,0
C33,weekend,8,1,1,0,0,-53,0,0,0
C33,weekend,10,1,1,0,0,249,0,0,0
C33,weekend,11,1,0,1,0,1063,1,0,0
C33,weekend,12,1,1,0,0,-75,0,0,0
C33,weekend,13,1,0,1,0,1335,0,0,0
C33,weekend,14,1,0,0,1,-141,0,0,0
C33,weekend,16,1,1,0,0,130,1,0,0
C33,weekend,17,1,0,1,0,616,1,0,0
C33,weekend,18,1,1,0,0,104,1,0,0
C33,weekend,19,2,0,2,0,4158,2,0,0
C33,weekend,22,1,1,0,0,18,0,0,0
C35,weekday,6,19,16,1,2,461,0,0,0
C35,weekday,7,4,3,1,0,1217,2,0,0
C35,weekday,8,11,8,0,3,222,3,0,0
C35,weekday,9,1,1,0,0,133,1,0,0
C35,weekday,10,15,11,0,4,-157,11,0,0
C35,weekday,11,11,0,11,0,9700,7,0,1
C35,weekday,12,9,6,0,3,-490,9,3,0
C35,weekday,14,6,4,0,2,-163,6,0,0
C35,weekday,15,2,0,2,0,1687,2,0,0
C35,weekday,16,10,9,0,1,676,9,0,0
C35,weekday,17,9,6,0,3,-638,0,0,0
C35,weekday,18,14,10,0,4,75,7,0,0
C35,weekday,19,7,4,3,0,2370,7,0,0
C35,weekday,20,9,8,0,1,231,8,0,0
C35,weekday,21,1,0,1,0,611,1,0,0
C35,weekday,22,15,13,1,1,1592,14,0,0
C35,weekend,5,1,1,0,0,344,0,0,0
C35,weekend,6,3,3,0,0,443,0,0,0
C35,weekend,8,4,4,0,0,56,3,0,0
C35,weekend,10,6,3,0,3,-344,3,0,0
C35,weekend,12,8,4,0,4,-790,7,0,0
C35,weekend,13,1,1,0,0,398,1,0,0
C35,weekend,14,5,4,0,1,536,5,0,0
C35,weekend,16,4,3,0,1,-81,4,0,0
C35,weekend,17,2,0,2,0,2490,1,0,0
C35,weekend,18,3,2,0,1,-74,3,0,0
C35,weekend,20,5,2,1,2,264,5,0,0
C35,weekend,21,1,0,1,0,469,1,0,0
C35,weekend,22,4,2,0,2,-254,4,0,0
C37,weekday,6,21,19,0,2,582,0,0,0
C37,weekday,7,10,5,5,0,5029,5,0,0
C37,weekday,8,29,27,1,1,3663,12,0,0
C37,weekday,9,7,4,3,0,2608,6,0,0
C37,weekday,10,14,13,0,1,1127,7,0,0
C37,weekday,11,1,1,0,0,260,1,0,0
C37,weekday,12,30,24,0,6,-905,25,1,0
C37,weekday,14,13,11,0,2,648,12,0,0
C37,weekday,15,5,2,3,0,2774,5,0,0
C37,weekday,16,15,12,2,1,4677,13,1,0
C37,weekday,17,32,16,16,0,11488,9,0,0
C37,weekday,18,22,14,7,1,7847,14,1,0
C37,weekday,19,5,0,5,0,3406,5,0,0
C37,weekday,20,24,19,0,5,1182,21,1,0
C37,weekday,21,3,1,2,0,1358,3,0,0
C37,weekday,22,15,13,0,2,578,15,0,0
C37,weekend,5,2,2,0,0,271,0,0,0
C37,weekend,6,7,5,1,1,752,0,0,0
C37,weekend,7,2,0,2,0,987,2,0,0
C37,weekend,8,12,12,0,0,305,3,0,0
C37,weekend,9,3,3,0,0,848,0,0,0
C37,weekend,10,10,9,0,1,899,7,0,0
C37,weekend,11,3,1,2,0,1931,1,0,0
C37,weekend,12,10,9,0,1,165,9,1,0
C37,weekend,13,3,3,0,0,427,3,0,0
C37,weekend,14,11,9,0,2,378,10,0,0
C37,weekend,15,1,1,0,0,374,1,0,0
C37,weekend,16,12,9,1,2,765,12,0,0
C37,weekend,17,3,2,1,0,1032,3,0,0
C37,weekend,18,12,10,1,1,896,11,0,0
C37,weekend,20,12,11,0,1,-193,11,0,0
C37,weekend,21,2,0,2,0,1140,2,0,0
C37,weekend,22,11,9,0,2,66,10,0,0
C41,weekday,5,3,3,0,0,641,0,0,0
C41,weekday,6,19,15,1,3,961,0,0,0
C41,weekday,7,5,3,2,0,2032,1,0,0
C41,weekday,8,43,36,1,6,4246,27,2,0
C41,weekday,9,6,5,1,0,2291,6,0,0
C41,weekday,10,26,19,3,4,3873,21,0,0
C41,weekday,11,8,2,6,0,4565,6,0,0
C41,weekday,12,26,22,1,3,2219,26,2,0
C41,weekday,13,6,0,6,0,5491,6,0,0
C41,weekday,14,11,9,0,2,78,11,1,0
C41,weekday,15,7,3,4,0,4369,7,0,0
C41,weekday,16,15,12,3,0,3834,12,1,0
C41,weekday,17,29,14,15,0,16026,14,1,0
C41,weekday,18,27,18,4,5,3084,23,8,0
C41,weekday,19,6,2,4,0,3851,6,1,0
C41,weekday,20,28,23,5,0,4262,27,1,0
C41,weekday,21,9,4,5,0,3755,9,0,0
C41,weekday,22,10,8,1,1,737,9,0,0
C41,weekend,6,8,7,0,1,112,0,0,0
C41,weekend,7,2,2,0,0,652,0,0,0
C41,weekend,8,14,9,0,5,-268,6,1,0
C41,weekend,9,1,1,0,0,313,1,0,0
C41,weekend,10,15,11,0,4,-457,13,0,0
C41,weekend,11,1,1,0,0,140,1,0,0
C41,weekend,12,15,10,0,5,-165,13,0,0
C41,weekend,13,3,3,0,0,884,3,0,0
C41,weekend,14,13,10,0,3,-312,13,0,0
C41,weekend,15,3,1,2,0,1237,3,0,0
C41,weekend,16,15,12,0,3,-942,14,0,0
C41,weekend,17,2,1,1,0,956,2,0,0
C41,weekend,18,12,9,0,3,156,12,0,0
C41,weekend,19,5,2,3,0,2942,5,0,0
C41,weekend,20,16,11,1,4,757,16,1,0
C41,weekend,21,1,1,0,0,346,1,0,0
C41,weekend,22,6,5,0,1,424,5,0,0
C43,weekday,6,4,2,0,2,-317,0,0,0
C43,weekday,7,2,0,2,0,1343,2,0,0
C43,weekday,8,15,13,0,2,-162,2,1,0
C43,weekday,9,3,1,2,0,2706,1,0,0
C43,weekday,10,10,10,0,0,-197,7,1,0
C43,weekday,12,9,8,0,1,223,8,0,0
C43,weekday,13,2,2,0,0,421,2,0,0
C43,weekday,14,2,2,0,0,445,1,0,0
C43,weekday,15,2,0,2,0,1415,2,0,0
C43,weekday,16,4,4,0,0,152,4,0,0
C43,weekday,17,11,7,4,0,4883,5,0,0
C43,weekday,18,14,13,1,0,813,11,0,0
C43,weekday,19,3,0,3,0,1437,2,0,0
C43,weekday,20,10,7,3,0,2591,9,0,0
C43,weekday,22,8,8,0,0,606,8,0,0
C43,weekend,8,4,4,0,0,-243,0,0,0
C43,weekend,9,1,1,0,0,284,0,0,0
C43,weekend,10,4,4,0,0,652,0,0,0
C43,weekend,12,4,4,0,0,560,2,0,0
C43,weekend,13,1,1,0,0,285,1,0,0
C43,weekend,14,3,3,0,0,398,2,0,0
C43,weekend,16,3,3,0,0,159,3,0,0
C43,weekend,18,4,4,0,0,330,4,0,0
C43,weekend,19,1,0,1,0,425,1,0,0
C43,weekend,20,4,3,1,0,414,4,0,0
C51,weekday,5,2,2,0,0,686,0,0,0
C51,weekday,6,22,16,0,6,-780,0,0,0
C51,weekday,7,1,0,1,0,1003,0,0,0
C51,weekday,8,22,19,1,2,1893,10,0,0
C51,weekday,9,8,4,4,0,4593,7,0,0
C51,weekday,10,18,15,0,3,318,15,0,0
C51,weekday,11,10,3,7,0,4970,7,0,0
C51,weekday,12,18,13,0,5,-1046,17,0,0
C51,weekday,13,5,2,3,0,3035,4,0,0
C51,weekday,14,8,5,0,3,-417,8,1,0
C51,weekday,15,5,1,4,0,4458,3,0,0
C51,weekday,16,6,4,2,0,4597,4,0,0
C51,weekday,17,26,5,21,0,23594,11,1,1
C51,weekday,18,11,7,3,1,3985,9,1,1
C51,weekday,19,14,0,14,0,14799,11,1,0
C51,weekday,20,10,8,0,2,589,7,0,0
C51,weekday,21,5,2,3,0,4323,5,1,0
C51,weekday,22,20,12,2,6,517,18,0,0
C51,weekend,5,3,2,1,0,1004,0,0,0
C51,weekend,6,4,4,0,0,277,0,0,0
C51,weekend,7,2,1,1,0,830,1,0,0
C51,weekend,8,8,8,0,0,794,3,0,0
C51,weekend,9,2,2,0,0,440,0,0,0
C51,weekend,10,11,9,0,2,-250,5,0,0
C51,weekend,12,12,11,0,1,231,11,0,0
C51,weekend,14,11,9,0,2,246,10,0,0
C51,weekend,15,3,1,2,0,1349,2,0,0
C51,weekend,16,8,6,0,2,-210,7,0,0
C51,weekend,17,5,2,3,0,2387,4,0,0
C51,weekend,18,6,2,1,3,-539,6,0,0
C51,weekend,19,3,1,2,0,1736,3,0,0
C51,weekend,20,3,2,0,1,3,3,0,0
C51,weekend,21,3,1,2,0,2472,3,0,0
C51,weekend,22,7,7,0,0,314,7,0,0
C53,weekday,5,6,6,0,0,1540,0,0,0
C53,weekday,6,36,32,1,3,2110,3,0,0
C53,weekday,7,15,7,8,0,6445,7,0,0
C53,weekday,8,34,27,4,3,4053,19,1,0
C53,weekday,9,23,9,14,0,10867,19,1,0
C53,weekday,10,36,25,2,9,1052,34,1,0
C53,weekday,11,18,10,8,0,8133,18,1,0
C53,weekday,12,31,23,1,7,1411,31,3,0
C53,weekday,13,5,2,3,0,2705,5,0,0
C53,weekday,14,28,20,0,8,-907,28,2,0
C53,weekday,15,15,2,13,0,10265,15,0,0
C53,weekday,16,16,12,4,0,4706,11,1,0
C53,weekday,17,55,17,38,0,34994,33,8,2
C53,weekday,18,42,25,14,3,13425,36,10,3
C53,weekday,19,35,9,26,0,22662,33,5,0
C53,weekday,20,24,19,1,4,2322,23,6,0
C53,weekday,21,13,6,7,0,7097,12,0,0
C53,weekday,22,35,24,2,9,480,34,2,0
C53,weekend,5,6,3,3,0,3020,0,0,0
C53,weekend,6,13,9,0,4,1029,1,1,0
C53,weekend,7,3,2,1,0,2612,1,0,0
C53,weekend,8,17,13,0,4,180,9,1,0
C53,weekend,9,6,2,4,0,3191,5,1,0
C53,weekend,10,17,9,1,7,-81,14,0,0
C53,weekend,11,2,2,0,0,565,2,0,0
C53,weekend,12,18,13,0,5,-134,17,0,0
C53,weekend,13,8,3,5,0,4668,8,1,0
C53,weekend,14,18,15,0,3,7,18,1,0
C53,weekend,15,5,1,4,0,3226,5,0,0
C53,weekend,16,14,8,0,6,-823,14,1,0
C53,weekend,17,7,5,2,0,2899,6,0,0
C53,weekend,18,15,12,0,3,344,15,0,0
C53,weekend,19,5,2,3,0,1963,5,0,0
C53,weekend,20,18,12,0,6,-728,18,0,0
C53,weekend,21,4,2,2,0,2064,4,0,0
C53,weekend,22,14,12,1,1,1767,14,1,0
C55,weekday,6,7,4,1,2,122,0,0,0
C55,weekday,8,12,11,1,0,1429,2,0,0
C55,weekday,10,12,10,0,2,839,9,0,0
C55,weekday,12,12,8,0,4,151,12,0,0
C55,weekday,13,2,1,1,0,1231,1,0,0
C55,weekday,14,6,5,0,1,104,6,0,0
C55,weekday,15,2,2,0,0,600,2,0,0
C55,weekday,16,5,4,0,1,231,4,0,0
C55,weekday,17,4,2,2,0,2813,1,0,0
C55,weekday,18,6,3,0,3,-455,2,0,0
C55,weekday,19,3,1,2,0,2251,2,0,0
C55,weekday,20,9,8,0,1,699,4,0,0
C55,weekday,21,3,0,3,0,1665,3,0,0
C55,weekday,22,11,10,0,1,779,11,0,0
C55,weekend,6,1,1,0,0,227,0,0,0
C55,weekend,8,3,3,0,0,819,1,0,0
C55,weekend,9,2,0,2,0,1106,0,0,0
C55,weekend,10,4,3,1,0,981,2,0,0
C55,weekend,11,3,2,1,0,1000,0,0,0
C55,weekend,12,3,3,0,0,406,2,0,0
C55,weekend,13,1,1,0,0,256,1,0,0
C55,weekend,14,4,4,0,0,283,4,0,0
C55,weekend,15,2,0,2,0,3592,1,0,0
C55,weekend,16,2,2,0,0,104,2,0,0
C55,weekend,17,4,2,2,0,4863,4,0,0
C55,weekend,18,2,2,0,0,150,2,0,0
C55,weekend,19,1,0,1,0,2887,1,0,0
C55,weekend,20,3,3,0,0,152,3,0,0
C55,weekend,22,4,4,0,0,-33,2,0,0
C57,weekday,6,7,7,0,0,986,0,0,0
C57,weekday,7,3,0,3,0,2739,0,0,0
C57,weekday,8,6,6,0,0,682,4,0,0
C57,weekday,16,4,3,0,1,319,1,0,0
C57,weekday,17,4,1,2,1,1081,0,0,0
C57,weekday,18,8,6,1,1,842,4,0,0
C57,weekday,20,14,8,0,6,-1043,9,0,0
C61,weekday,5,3,3,0,0,886,0,0,0
C61,weekday,6,16,14,0,2,799,0,0,0
C61,weekday,7,8,3,5,0,5464,3,0,0
C61,weekday,8,19,17,1,1,1852,7,1,0
C61,weekday,9,8,5,3,0,3140,8,0,0
C61,weekday,10,21,19,2,0,4135,18,0,0
C61,weekday,11,14,6,8,0,6905,14,0,0
C61,weekday,12,11,7,2,2,1300,11,1,0
C61,weekday,13,5,1,4,0,2484,5,0,0
C61,weekday,14,8,6,1,1,763,8,1,0
C61,weekday,15,6,2,4,0,3868,6,0,0
C61,weekday,16,8,7,1,0,1812,7,0,0
C61,weekday,17,21,10,11,0,8430,6,0,0
C61,weekday,18,23,19,4,0,5588,19,0,0
C61,weekday,19,12,6,6,0,6620,12,0,0
C61,weekday,20,17,16,1,0,3159,17,0,0
C61,weekday,21,7,1,6,0,4082,7,0,0
C61,weekday,22,20,18,0,2,1767,20,2,0
C61,weekend,5,1,1,0,0,311,0,0,0
C61,weekend,6,4,3,1,0,1257,0,0,0
C61,weekend,7,4,1,3,0,1890,0,0,0
C61,weekend,8,9,8,0,1,985,3,0,0
C61,weekend,9,3,1,2,0,1386,2,0,0
C61,weekend,10,7,6,0,1,513,5,0,0
C61,weekend,11,6,4,2,0,2185,6,0,0
C61,weekend,12,7,7,0,0,641,6,0,0
C61,weekend,13,8,4,4,0,5106,7,0,0
C61,weekend,14,8,7,0,1,715,8,0,0
C61,weekend,15,6,4,2,0,2234,6,0,0
C61,weekend,16,11,9,1,1,1748,11,1,0
C61,weekend,17,5,3,2,0,2673,5,0,0
C61,weekend,18,7,6,0,1,345,7,1,0
C61,weekend,19,3,1,2,0,1318,3,0,0
C61,weekend,20,8,8,0,0,785,8,0,0
C61,weekend,21,3,3,0,0,673,3,0,0
C61,weekend,22,10,9,1,0,1639,10,0,0
C63,weekday,6,8,7,0,1,464,0,0,0
C63,weekday,7,1,1,0,0,341,0,0,0
C63,weekday,8,7,5,0,2,496,1,0,0
C63,weekday,9,1,1,0,0,315,0,0,0
C63,weekday,10,4,4,0,0,296,2,0,0
C63,weekday,11,3,1,2,0,1703,0,0,0
C63,weekday,12,5,3,0,2,-60,3,0,0
C63,weekday,13,6,1,5,0,4957,1,0,0
C63,weekday,14,2,2,0,0,349,2,0,0
C63,weekday,15,3,0,3,0,3692,1,0,0
C63,weekday,16,7,4,3,0,1916,5,0,0
C63,weekday,17,12,5,3,4,2302,2,0,0
C63,weekday,18,13,7,1,5,646,6,0,0
C63,weekday,19,4,2,2,0,2143,4,0,0
C63,weekday,20,7,5,0,2,144,4,0,0
C63,weekday,21,1,1,0,0,285,1,0,0
C63,weekday,22,17,15,0,2,242,11,0,0
C63,weekend,8,5,3,0,2,-303,0,0,0
C63,weekend,9,2,0,2,0,872,0,0,0
C63,weekend,10,10,9,0,1,649,3,0,0
C63,weekend,11,1,0,1,0,642,1,0,0
C63,weekend,12,9,7,0,2,-117,8,0,0
C63,weekend,13,2,2,0,0,588,1,0,0
C63,weekend,14,7,7,0,0,577,7,0,0
C63,weekend,15,2,1,1,0,624,1,0,0
C63,weekend,16,9,3,0,6,-1843,8,0,0
C63,weekend,17,3,1,2,0,1290,1,0,0
C63,weekend,18,5,4,0,1,17,5,0,0
C63,weekend,19,2,2,0,0,559,1,0,0
C63,weekend,20,5,5,0,0,659,5,0,0
C63,weekend,21,1,0,1,0,885,0,0,0
C63,weekend,22,4,3,0,1,-406,4,0,0
C71,weekday,6,6,6,0,0,589,0,0,0
C71,weekday,7,5,1,4,0,3731,0,0,0
C71,weekday,8,11,8,0,3,752,2,0,0
C71,weekday,9,6,1,5,0,3850,4,0,0
C71,weekday,10,5,5,0,0,193,5,0,0
C71,weekday,11,6,2,4,0,3335,5,0,0
C71,weekday,12,7,7,0,0,729,6,0,0
C71,weekday,13,1,0,1,0,552,0,0,0
C71,weekday,14,6,6,0,0,1316,4,0,0
C71,weekday,16,11,9,2,0,3287,5,0,0
C71,weekday,17,17,1,16,0,17400,5,0,0
C71,weekday,18,9,4,5,0,4693,6,0,1
C71,weekday,20,9,6,0,3,458,9,0,0
C71,weekday,21,2,2,0,0,812,2,0,0
C71,weekday,22,10,10,0,0,946,10,0,0
C71,weekend,6,1,1,0,0,166,0,0,0
C71,weekend,7,1,0,1,0,580,0,0,0
C71,weekend,8,5,4,0,1,360,1,0,0
C71,weekend,10,4,4,0,0,667,2,0,0
C71,weekend,11,2,2,0,0,653,0,0,0
C71,weekend,12,5,4,1,0,1387,5,0,0
C71,weekend,14,4,4,0,0,623,4,0,0
C71,weekend,15,1,0,1,0,609,1,0,0
C71,weekend,16,5,4,0,1,-37,4,0,0
C71,weekend,17,1,0,1,0,1394,1,0,0
C71,weekend,18,3,3,0,0,282,3,0,0
C71,weekend,19,2,1,1,0,981,2,0,0
C71,weekend,20,4,4,0,0,219,3,0,0
C71,weekend,22,5,4,0,1,-50,5,0,0
C75,weekday,6,10,10,0,0,845,0,0,0
C75,weekday,7,1,0,1,0,459,0,0,0
C75,weekday,8,11,11,0,0,979,7,0,0
C75,weekday,10,13,10,0,3,-143,6,0,0
C75,weekday,12,11,7,0,4,-384,11,0,0
C75,weekday,14,6,3,0,3,-438,5,0,0
C75,weekday,15,1,1,0,0,198,1,0,0
C75,weekday,16,2,2,0,0,1,2,0,0
C75,weekday,17,8,1,5,2,2779,3,0,0
C75,weekday,18,6,4,2,0,997,4,1,0
C75,weekday,19,6,2,4,0,4984,4,1,0
C75,weekday,20,9,5,0,4,-1349,6,2,0
C75,weekday,22,11,11,0,0,125,11,0,0
C75,weekend,6,2,2,0,0,157,0,0,0
C75,weekend,8,4,4,0,0,324,1,0,0
C75,weekend,10,4,4,0,0,320,3,0,0
C75,weekend,12,2,0,0,2,-390,1,0,0
C75,weekend,14,3,3,0,0,132,3,0,0
C75,weekend,16,5,3,1,1,531,3,0,0
C75,weekend,18,5,5,0,0,307,4,0,0
C75,weekend,20,4,4,0,0,190,4,0,0
C75,weekend,22,3,3,0,0,225,3,0,0
C77,weekday,5,2,0,2,0,1146,0,0,0
C77,weekday,7,3,0,3,0,2416,0,0,0
C77,weekday,8,9,8,1,0,1712,2,1,0
C77,weekday,14,6,5,0,1,340,6,0,0
C77,weekday,16,3,2,1,0,527,3,0,0
C77,weekday,17,3,3,0,0,412,0,0,0
C77,weekday,18,8,8,0,0,753,6,0,0
C81,weekday,6,14,13,0,1,1174,0,0,0
C81,weekday,7,10,6,4,0,4097,2,0,0
C81,weekday,8,13,13,0,0,1982,4,0,0
C81,weekday,9,6,3,3,0,4094,6,0,0
C81,weekday,10,9,6,3,0,2413,8,1,0
C81,weekday,11,3,1,2,0,4373,1,0,0
C81,weekday,12,10,10,0,0,1139,7,0,0
C81,weekday,14,8,7,0,1,359,7,0,0
C81,weekday,15,9,4,5,0,5721,7,0,0
C81,weekday,16,7,7,0,0,1551,6,1,1
C81,weekday,17,9,5,4,0,2377,1,0,0
C81,weekday,18,20,18,2,0,4171,12,0,0
C81,weekday,19,4,4,0,0,1160,3,0,0
C81,weekday,20,15,12,0,3,762,9,0,0
C81,weekday,21,2,1,1,0,1107,2,0,0
C81,weekday,22,11,11,0,0,598,10,0,0
C81,weekend,6,6,5,0,1,-15,0,0,0
C81,weekend,8,10,8,0,2,-307,1,0,0
C81,weekend,10,5,4,0,1,114,3,0,0
C81,weekend,11,3,0,3,0,3190,2,0,0
C81,weekend,12,7,7,0,0,706,6,1,0
C81,weekend,13,2,1,1,0,924,1,0,0
C81,weekend,14,7,7,0,0,569,6,0,0
C81,weekend,15,2,0,2,0,1104,2,0,0
C81,weekend,16,11,10,0,1,693,11,0,0
C81,weekend,18,6,4,0,2,-296,6,0,0
C81,weekend,19,2,0,2,0,1366,1,0,0
C81,weekend,20,7,5,1,1,661,7,1,0
C81,weekend,22,5,4,0,1,539,5,0,0
C83,weekday,5,1,0,1,0,528,0,0,0
C83,weekday,6,7,5,0,2,-32,0,0,0
C83,weekday,7,2,1,1,0,662,1,0,0
C83,weekday,8,7,6,0,1,17,5,0,0
C83,weekday,10,6,4,0,2,-23,6,0,0
C83,weekday,12,8,7,1,0,1932,6,0,0
C83,weekday,14,4,4,0,0,531,4,0,0
C83,weekday,16,5,5,0,0,743,5,0,0
C83,weekday,17,5,4,1,0,1861,0,0,0
C83,weekday,18,8,6,0,2,389,6,0,0
C83,weekday,19,4,4,0,0,678,2,0,0
C83,weekday,20,7,7,0,0,376,4,0,0
C83,weekday,21,1,1,0,0,257,1,0,0
C83,weekday,22,9,8,0,1,356,8,0,0
C83,weekend,6,2,2,0,0,187,0,0,0
C83,weekend,8,2,2,0,0,-89,2,0,0
C83,weekend,10,3,3,0,0,69,2,0,0
C83,weekend,12,2,2,0,0,326,1,0,0
C83,weekend,14,2,2,0,0,113,2,0,0
C83,weekend,16,1,1,0,0,99,1,0,0
C83,weekend,18,1,1,0,0,15,1,0,0
C83,weekend,20,3,3,0,0,330,3,0,0
C83,weekend,22,2,2,0,0,265,2,0,0
C85,weekday,6,5,5,0,0,933,0,0,0
C85,weekday,7,5,5,0,0,1117,1,0,0
C85,weekday,8,12,11,0,1,982,2,0,0
C85,weekday,15,4,1,3,0,2196,2,0,0
C85,weekday,16,11,8,1,2,1232,2,0,0
C85,weekday,17,5,1,4,0,4748,1,0,0
C85,weekday,18,9,4,4,1,4125,2,0,0
C87,weekday,6,4,4,0,0,584,0,0,0
C87,weekday,7,2,0,2,0,1081,0,0,0
C87,weekday,8,4,4,0,0,51,0,0,0
C87,weekday,16,7,7,0,0,608,0,0,0
C87,weekday,17,5,5,0,0,1289,1,0,0
C87,weekday,18,8,6,0,2,537,5,0,0
C91,weekday,6,8,8,0,0,513,0,0,0
C91,weekday,7,2,0,2,0,1046,2,0,0
C91,weekday,8,16,15,0,1,189,4,0,0
C91,weekday,9,2,2,0,0,809,2,0,0
C91,weekday,10,16,14,0,2,946,13,0,0
C91,weekday,11,3,3,0,0,621,0,0,0
C91,weekday,12,11,9,0,2,-27,10,0,0
C91,weekday,13,1,0,1,0,702,1,0,0
C91,weekday,14,5,4,1,0,932,5,0,0
C91,weekday,15,3,1,2,0,1703,2,0,0
C91,weekday,16,5,3,1,1,1215,3,0,0
C91,weekday,17,15,4,10,1,9054,7,0,1
C91,weekday,18,15,12,3,0,3400,11,1,1
C91,weekday,19,7,2,5,0,3141,6,0,0
C91,weekday,20,9,8,0,1,251,8,0,0
C91,weekday,21,1,1,0,0,346,1,0,0
C91,weekday,22,5,4,0,1,610,5,0,0
C91,weekend,7,1,0,1,0,944,0,0,0
C91,weekend,8,8,6,0,2,113,1,1,0
C91,weekend,10,6,6,0,0,447,4,0,0
C91,weekend,12,3,3,0,0,226,2,0,0
C91,weekend,13,3,1,2,0,1357,0,0,0
C91,weekend,14,3,2,0,1,37,3,0,0
C91,weekend,15,3,1,2,0,1860,2,0,0
C91,weekend,16,2,2,0,0,474,2,0,0
C91,weekend,17,1,0,1,0,466,1,0,0
C91,weekend,18,5,5,0,0,563,5,0,0
C91,weekend,19,2,1,1,0,1310,2,0,0
C91,weekend,20,4,4,0,0,370,4,0,0
C91,weekend,22,3,1,1,1,367,3,0,0
D10,weekday,5,6,4,2,0,4581,0,0,0
D10,weekday,6,21,12,0,9,-2241,1,1,0
D10,weekday,7,10,4,6,0,6550,6,0,0
D10,weekday,8,26,19,1,6,145,22,4,0
D10,weekday,9,4,2,2,0,1606,2,0,0
D10,weekday,10,18,11,0,7,-721,15,0,0
D10,weekday,11,8,3,5,0,4119,5,0,0
D10,weekday,12,15,15,0,0,1336,14,0,0
D10,weekday,13,1,0,1,0,1332,1,0,0
D10,weekday,14,11,8,0,3,-245,10,1,0
D10,weekday,15,5,1,4,0,5660,5,0,0
D10,weekday,16,12,5,0,7,-1261,12,2,0
D10,weekday,17,20,10,9,1,14986,5,1,1
D10,weekday,18,17,9,8,0,4511,14,4,0
D10,weekday,19,6,1,5,0,6874,5,0,0
D10,weekday,20,10,9,1,0,2357,7,0,0
D10,weekday,21,4,1,3,0,3116,4,0,0
D10,weekday,22,15,14,0,1,292,14,1,0
D10,weekend,5,2,2,0,0,607,0,0,0
D10,weekend,6,7,6,0,1,234,0,0,0
D10,weekend,8,9,8,0,1,446,5,0,0
D10,weekend,9,2,1,1,0,837,2,0,0
D10,weekend,10,8,7,0,1,411,8,0,0
D10,weekend,12,10,7,0,3,-221,8,0,0
D10,weekend,13,2,1,1,0,951,1,0,0
D10,weekend,14,9,6,0,3,-464,6,0,0
D10,weekend,15,1,1,0,0,312,0,0,0
D10,weekend,16,7,6,0,1,740,6,0,0
D10,weekend,17,1,1,0,0,314,1,0,0
D10,weekend,18,8,3,0,5,-1412,8,0,0
D10,weekend,19,2,1,1,0,978,1,0,0
D10,weekend,20,7,3,1,3,-53,7,0,0
D10,weekend,21,2,2,0,0,326,2,0,0
D10,weekend,22,9,8,0,1,372,8,0,0
D1X,weekday,5,3,3,0,0,726,0,0,0
D1X,weekday,6,15,15,0,0,548,0,0,0
D1X,weekday,7,1,0,1,0,946,1,0,0
D1X,weekday,8,7,7,0,0,538,5,0,0
D1X,weekday,9,3,3,0,0,536,1,0,0
D1X,weekday,10,17,12,2,3,1961,11,0,0
D1X,weekday,12,14,13,0,1,1574,13,0,0
D1X,weekday,13,2,2,0,0,715,1,0,0
D1X,weekday,14,7,4,0,3,-424,7,0,0
D1X,weekday,15,1,0,1,0,1159,1,0,0
D1X,weekday,16,7,4,3,0,6048,6,1,0
D1X,weekday,17,7,5,2,0,4676,1,1,0
D1X,weekday,18,10,8,1,1,1540,8,0,0
D1X,weekday,19,3,0,3,0,2643,3,0,0
D1X,weekday,20,11,8,0,3,92,8,0,0
D1X,weekday,21,1,1,0,0,249,1,0,0
D1X,weekday,22,6,5,0,1,75,5,0,0
D1X,weekend,6,1,1,0,0,373,0,0,0
D1X,weekend,8,5,5,0,0,698,0,0,0
D1X,weekend,9,1,0,1,0,939,0,0,0
D1X,weekend,10,6,5,0,1,501,3,0,0
D1X,weekend,12,4,3,0,1,-39,3,0,0
D1X,weekend,14,4,2,0,2,-502,4,0,0
D1X,weekend,15,1,0,1,0,457,0,0,0
D1X,weekend,16,4,4,0,0,345,4,0,0
D1X,weekend,17,2,0,2,0,1499,1,0,0
D1X,weekend,18,5,5,0,0,615,4,0,0
D1X,weekend,19,2,0,2,0,2542,2,1,0
D1X,weekend,20,5,3,0,2,-65,5,1,0
D1X,weekend,22,4,3,1,0,684,4,0,0
D20,weekday,5,12,6,6,0,5221,1,0,0
D20,weekday,6,26,23,0,3,596,7,3,0
D20,weekday,7,2,2,0,0,552,1,0,0
D20,weekday,8,31,27,1,3,2765,24,0,0
D20,weekday,9,6,4,2,0,2017,6,0,0
D20,weekday,10,25,19,2,4,542,24,1,0
D20,weekday,11,6,4,2,0,2391,5,0,0
D20,weekday,12,31,24,1,6,185,31,3,0
D20,weekday,13,5,1,4,0,3983,5,0,0
D20,weekday,14,12,10,2,0,1907,12,1,0
D20,weekday,15,6,4,2,0,2735,6,1,0
D20,weekday,16,12,12,0,0,2708,11,0,0
D20,weekday,17,25,19,6,0,6408,10,1,0
D20,weekday,18,24,16,7,1,4594,20,1,0
D20,weekday,19,18,11,7,0,6559,18,0,0
D20,weekday,20,17,17,0,0,2066,16,2,0
D20,weekday,21,7,6,1,0,1483,7,0,0
D20,weekday,22,12,11,0,1,1531,12,0,0
D20,weekend,6,5,4,0,1,-182,0,0,0
D20,weekend,8,11,7,0,4,-908,4,1,0
D20,weekend,9,3,1,2,0,1956,2,1,0
D20,weekend,10,14,10,0,4,286,8,0,0
D20,weekend,12,9,6,0,3,-179,8,0,0
D20,weekend,13,2,1,1,0,1127,2,0,0
D20,weekend,14,13,8,0,5,-1450,13,1,0
D20,weekend,16,10,8,0,2,-433,10,0,0
D20,weekend,17,3,2,1,0,1212,3,0,0
D20,weekend,18,11,9,0,2,276,11,0,0
D20,weekend,20,10,6,0,4,-618,10,0,0
D20,weekend,21,3,1,2,0,1929,3,0,0
D20,weekend,22,5,4,1,0,822,5,0,0
D24,weekday,5,1,0,1,0,468,0,0,0
D24,weekday,6,21,19,0,2,1443,0,0,0
D24,weekday,7,7,3,4,0,3304,2,0,0
D24,weekday,8,20,16,2,2,1533,11,0,0
D24,weekday,9,8,3,5,0,4049,6,0,0
D24,weekday,10,20,15,2,3,1470,15,0,0
D24,weekday,11,6,2,4,0,3000,5,0,0
D24,weekday,12,24,11,2,11,-1866,18,1,0
D24,weekday,13,1,0,1,0,1546,1,0,0
D24,weekday,14,15,11,2,2,2281,14,0,0
D24,weekday,15,4,2,2,0,1563,4,0,0
D24,weekday,16,12,10,1,1,1557,10,0,0
D24,weekday,17,15,11,3,1,6523,3,0,0
D24,weekday,18,26,16,2,8,3079,18,0,0
D24,weekday,19,6,4,2,0,2407,6,0,0
D24,weekday,20,16,13,0,3,1704,14,0,0
D24,weekday,21,2,0,2,0,1200,0,0,0
D24,weekday,22,20,19,1,0,2321,17,0,0
D24,weekend,6,4,4,0,0,394,0,0,0
D24,weekend,7,2,1,1,0,560,0,0,0
D24,weekend,8,11,7,1,3,383,2,0,0
D24,weekend,9,5,2,3,0,1887,1,0,0
D24,weekend,10,9,7,2,0,1397,6,0,0
D24,weekend,11,1,1,0,0,252,1,0,0
D24,weekend,12,5,4,1,0,884,5,0,0
D24,weekend,13,3,1,2,0,1957,3,0,0
D24,weekend,14,12,11,0,1,398,11,0,0
D24,weekend,15,1,0,1,0,1029,1,0,0
D24,weekend,16,11,7,2,2,1274,11,0,0
D24,weekend,17,2,2,0,0,482,1,0,0
D24,weekend,18,15,13,0,2,1294,14,0,0
D24,weekend,19,1,1,0,0,134,1,0,0
D24,weekend,20,9,4,1,4,-381,9,0,0
D24,weekend,21,1,1,0,0,165,1,0,0
D24,weekend,22,9,6,0,3,200,9,0,0
D2X,weekday,6,6,6,0,0,1007,0,0,0
D2X,weekday,7,11,0,11,0,8982,0,0,0
D2X,weekday,8,14,13,1,0,1933,3,0,0
D2X,weekday,9,12,3,9,0,8842,6,2,0
D2X,weekday,10,16,12,4,0,4771,10,0,0
D2X,weekday,11,15,4,11,0,7909,12,0,0
D2X,weekday,12,17,17,0,0,1908,13,0,0
D2X,weekday,13,4,0,4,0,2994,4,0,0
D2X,weekday,14,10,8,2,0,1978,9,0,0
D2X,weekday,15,4,2,2,0,2638,4,0,0
D2X,weekday,16,8,6,2,0,2575,6,0,0
D2X,weekday,17,13,4,9,0,10405,5,1,0
D2X,weekday,18,12,8,4,0,5323,8,4,0
D2X,weekday,19,7,0,7,0,4803,6,0,0
D2X,weekday,20,20,16,4,0,5208,15,0,0
D2X,weekday,21,3,0,3,0,2562,3,0,0
D2X,weekday,22,9,7,2,0,2154,8,0,0
D30,weekday,5,2,1,1,0,775,0,0,0
D30,weekday,6,22,18,1,3,1814,0,0,0
D30,weekday,8,25,19,0,6,-539,14,0,0
D30,weekday,9,1,0,1,0,1120,1,0,0
D30,weekday,10,23,20,0,3,53,17,0,0
D30,weekday,11,4,0,4,0,2699,4,0,0
D30,weekday,12,23,22,0,1,2588,21,0,0
D30,weekday,13,1,0,1,0,614,1,0,0
D30,weekday,14,12,9,0,3,41,10,1,0
D30,weekday,15,1,1,0,0,233,1,0,0
D30,weekday,16,11,9,0,2,475,10,0,0
D30,weekday,17,21,15,6,0,6258,6,0,0
D30,weekday,18,26,19,4,3,2778,20,1,0
D30,weekday,19,8,5,3,0,4389,8,0,0
D30,weekday,20,24,24,0,0,736,23,0,0
D30,weekday,21,2,2,0,0,708,2,0,0
D30,weekday,22,13,13,0,0,958,10,0,0
D30,weekend,5,1,0,1,0,765,0,0,0
D30,weekend,6,11,11,0,0,1103,0,0,0
D30,weekend,7,1,0,1,0,1184,1,0,0
D30,weekend,8,11,10,1,0,1166,5,1,0
D30,weekend,9,3,1,2,0,1304,2,0,0
D30,weekend,10,11,9,2,0,1667,10,0,0
D30,weekend,11,1,1,0,0,166,0,0,0
D30,weekend,12,10,7,1,2,911,9,0,0
D30,weekend,13,3,0,3,0,2103,3,0,0
D30,weekend,14,11,10,0,1,821,11,0,0
D30,weekend,16,12,10,0,2,558,11,0,0
D30,weekend,17,6,1,5,0,4747,6,0,0
D30,weekend,18,10,10,0,0,288,10,1,0
D30,weekend,19,2,1,1,0,775,2,0,0
D30,weekend,20,15,13,1,1,1653,14,0,0
D30,weekend,21,1,1,0,0,374,1,0,0
D30,weekend,22,9,9,0,0,1219,9,0,0
D32,weekday,5,4,1,3,0,1978,0,0,0
D32,weekday,6,9,9,0,0,705,0,0,0
D32,weekday,7,14,1,13,0,10532,5,0,0
D32,weekday,8,19,15,0,4,120,11,2,0
D32,weekday,9,6,2,4,0,3258,5,0,0
D32,weekday,10,15,15,0,0,1650,12,0,0
D32,weekday,11,5,1,4,0,2584,5,0,0
D32,weekday,12,14,10,1,3,223,12,0,0
D32,weekday,13,3,2,1,0,1362,3,0,0
D32,weekday,14,7,6,0,1,597,7,0,0
D32,weekday,15,4,0,4,0,3065,3,0,0
D32,weekday,16,6,4,1,1,2566,4,1,0
D32,weekday,17,12,2,9,1,7462,5,1,0
D32,weekday,18,23,18,5,0,6587,13,2,1
D32,weekday,19,6,4,2,0,3692,6,0,0
D32,weekday,20,12,10,0,2,1155,12,2,0
D32,weekday,21,1,0,1,0,1149,1,0,0
D32,weekday,22,8,7,1,0,1853,7,0,0
D32,weekend,7,3,1,2,0,1987,0,0,0
D32,weekend,8,9,9,0,0,1096,0,0,0
D32,weekend,9,2,1,1,0,893,1,0,0
D32,weekend,10,10,9,0,1,146,7,0,0
D32,weekend,11,4,1,3,0,3028,2,0,0
D32,weekend,12,4,3,0,1,384,3,2,0
D32,weekend,13,4,0,4,0,3378,4,0,0
D32,weekend,14,6,6,0,0,708,6,1,0
D32,weekend,15,4,2,2,0,1901,4,0,0
D32,weekend,16,8,8,0,0,747,8,1,0
D32,weekend,17,3,2,1,0,1512,3,0,0
D32,weekend,18,6,5,0,1,446,6,0,0
D32,weekend,19,4,0,4,0,2094,3,0,0
D32,weekend,20,6,5,1,0,486,6,0,0
D32,weekend,21,1,1,0,0,377,1,0,0
D32,weekend,22,8,8,0,0,563,8,0,0
D34,weekday,5,3,3,0,0,428,0,0,0
D34,weekday,6,12,12,0,0,1500,0,0,0
D34,weekday,7,8,6,2,0,3006,3,0,0
D34,weekday,8,21,19,1,1,2779,9,0,1
D34,weekday,9,5,3,2,0,2192,1,0,0
D34,weekday,10,13,13,0,0,1214,11,0,0
D34,weekday,11,8,3,5,0,4885,4,0,0
D34,weekday,12,12,8,2,2,1683,9,0,0
D34,weekday,13,2,0,2,0,864,1,0,0
D34,weekday,14,5,5,0,0,817,4,0,0
D34,weekday,15,5,1,4,0,3298,4,0,0
D34,weekday,16,7,7,0,0,1450,7,0,0
D34,weekday,17,24,10,14,0,13159,13,0,0
D34,weekday,18,16,14,2,0,4686,8,1,1
D34,weekday,19,9,4,5,0,5122,8,0,0
D34,weekday,20,12,10,2,0,2956,11,0,0
D34,weekday,21,4,2,2,0,1645,4,0,0
D34,weekday,22,13,11,0,2,1342,12,0,0
D34,weekend,6,2,2,0,0,71,0,0,0
D34,weekend,7,3,0,3,0,2379,0,0,0
D34,weekend,8,8,4,0,4,-1042,2,0,0
D34,weekend,9,1,0,1,0,880,1,0,0
D34,weekend,10,6,3,0,3,-885,5,0,0
D34,weekend,11,3,1,2,0,1333,0,0,0
D34,weekend,12,7,7,0,0,281,3,0,0
D34,weekend,13,4,1,3,0,3855,2,0,0
D34,weekend,14,4,3,0,1,-170,4,1,0
D34,weekend,15,3,0,3,0,3333,2,0,0
D34,weekend,16,3,3,0,0,157,2,0,0
D34,weekend,17,1,0,1,0,614,1,0,0
D34,weekend,18,8,7,0,1,357,8,0,0
D34,weekend,19,3,2,1,0,1476,3,0,0
D34,weekend,20,4,4,0,0,-137,3,0,0
D34,weekend,21,1,1,0,0,167,1,0,0
D34,weekend,22,7,7,0,0,822,6,0,0
D36,weekday,5,2,0,2,0,1226,0,0,0
D36,weekday,6,12,10,0,2,-160,0,0,0
D36,weekday,7,2,2,0,0,419,0,0,0
D36,weekday,8,15,12,1,2,1495,5,0,0
D36,weekday,9,8,3,5,0,5532,3,0,0
D36,weekday,10,16,14,1,1,1294,13,0,0
D36,weekday,11,6,3,3,0,3783,6,1,0
D36,weekday,12,16,15,1,0,1830,14,0,0
D36,weekday,13,4,1,3,0,2125,2,0,0
D36,weekday,14,6,4,2,0,798,6,0,0
D36,weekday,15,1,0,1,0,763,1,0,0
D36,weekday,16,9,6,2,1,2910,6,0,0
D36,weekday,17,20,6,14,0,22392,6,1,0
D36,weekday,18,6,4,2,0,3259,4,0,1
D36,weekday,19,6,1,5,0,3520,6,0,0
D36,weekday,20,4,2,1,1,218,1,0,0
D36,weekday,21,3,1,2,0,2041,2,0,0
D36,weekday,22,10,6,0,4,-3044,7,1,0
D36,weekend,5,3,1,2,0,1464,0,0,0
D36,weekend,6,1,1,0,0,14,0,0,0
D36,weekend,7,1,0,1,0,1302,0,0,0
D36,weekend,8,6,6,0,0,705,2,0,0
D36,weekend,9,3,2,1,0,730,0,0,0
D36,weekend,10,10,8,1,1,1088,6,0,0
D36,weekend,11,4,3,1,0,1918,1,0,0
D36,weekend,12,7,7,0,0,390,7,1,0
D36,weekend,13,5,1,4,0,2633,3,0,0
D36,weekend,14,4,4,0,0,558,4,0,0
D36,weekend,15,5,2,3,0,3215,5,0,0
D36,weekend,16,5,5,0,0,488,5,0,0
D36,weekend,17,4,1,3,0,1708,2,0,0
D36,weekend,18,3,3,0,0,280,3,0,0
D36,weekend,19,4,2,2,0,2155,4,0,0
D36,weekend,20,7,6,0,1,1008,7,1,0
D36,weekend,21,4,0,4,0,2671,3,0,0
D36,weekend,22,4,3,0,1,274,4,0,0
D40,weekday,5,8,3,5,0,5019,1,0,0
D40,weekday,6,26,26,0,0,1916,1,1,0
D40,weekday,7,8,6,2,0,3420,4,0,0
D40,weekday,8,15,11,0,4,858,9,0,0
D40,weekday,9,12,6,6,0,5363,10,0,0
D40,weekday,10,26,22,0,4,564,26,2,0
D40,weekday,11,5,3,2,0,2085,5,0,0
D40,weekday,12,27,25,0,2,2064,26,1,0
D40,weekday,13,10,4,6,0,6067,10,1,0
D40,weekday,14,8,7,0,1,489,8,2,0
D40,weekday,15,4,1,3,0,2888,4,0,0
D40,weekday,16,11,9,0,2,152,7,1,0
D40,weekday,17,25,13,11,1,9769,11,0,0
D40,weekday,18,24,22,1,1,2968,20,1,1
D40,weekday,19,17,4,13,0,11342,14,0,0
D40,weekday,20,14,11,0,3,884,13,3,0
D40,weekday,21,9,3,6,0,6393,9,1,0
D40,weekday,22,24,22,0,2,1197,23,1,0
D40,weekend,5,4,2,2,0,3153,0,0,0
D40,weekend,6,14,12,0,2,427,1,1,0
D40,weekend,7,3,0,3,0,1966,3,0,0
D40,weekend,8,9,8,0,1,1442,5,1,0
D40,weekend,9,6,2,4,0,4847,5,0,0
D40,weekend,10,4,3,1,0,588,4,0,0
D40,weekend,11,3,0,3,0,2294,3,0,0
D40,weekend,12,11,8,0,3,-240,7,0,0
D40,weekend,13,5,2,3,0,5227,5,0,1
D40,weekend,14,12,7,2,3,412,12,0,0
D40,weekend,15,1,1,0,0,372,1,0,0
D40,weekend,16,12,11,0,1,975,11,0,0
D40,weekend,17,3,1,2,0,1723,3,0,0
D40,weekend,18,9,7,2,0,1145,9,1,0
D40,weekend,19,1,0,1,0,849,1,0,0
D40,weekend,20,15,13,1,1,288,15,0,0
D40,weekend,21,1,0,1,0,495,1,0,0
D40,weekend,22,12,11,1,0,1797,12,0,0
D44,weekday,5,1,1,0,0,99,0,0,0
D44,weekday,6,8,6,0,2,-38,0,0,0
D44,weekday,7,5,0,5,0,3846,0,0,0
D44,weekday,8,9,9,0,0,452,4,0,0
D44,weekday,9,6,2,4,0,3376,1,0,0
D44,weekday,10,6,6,0,0,563,4,0,0
D44,weekday,11,7,5,2,0,3119,2,0,0
D44,weekday,12,8,8,0,0,601,8,0,0
D44,weekday,13,4,1,3,0,1911,4,0,0
D44,weekday,14,4,4,0,0,323,4,0,0
D44,weekday,15,8,0,8,0,5133,5,0,0
D44,weekday,16,7,6,1,0,874,5,0,0
D44,weekday,17,19,13,6,0,5429,7,0,0
D44,weekday,18,28,16,4,8,2171,24,5,0
D44,weekday,19,1,0,1,0,519,1,0,0
D44,weekday,20,10,5,0,5,-697,10,0,0
D44,weekday,21,5,3,2,0,2242,4,0,0
D44,weekday,22,6,5,0,1,446,6,0,0
D44,weekend,7,1,1,0,0,189,0,0,0
D44,weekend,8,5,3,0,2,66,0,0,0
D44,weekend,10,4,4,0,0,312,1,0,0
D44,weekend,11,2,1,1,0,988,0,0,0
D44,weekend,12,6,6,0,0,640,5,0,0
D44,weekend,13,4,2,2,0,2484,4,1,0
D44,weekend,14,5,5,0,0,547,4,0,0
D44,weekend,15,3,2,1,0,2077,3,0,0
D44,weekend,16,7,7,0,0,914,5,0,0
D44,weekend,17,1,1,0,0,284,1,0,0
D44,weekend,18,6,6,0,0,993,6,0,0
D44,weekend,19,1,0,1,0,431,1,0,0
D44,weekend,20,4,4,0,0,626,4,0,0
D44,weekend,21,3,0,3,0,1775,2,0,0
D44,weekend,22,5,3,0,2,-106,5,0,0
D4X,weekday,6,15,15,0,0,646,2,0,0
D4X,weekday,7,11,8,3,0,4043,4,0,0
D4X,weekday,8,35,34,0,1,2364,11,0,0
D4X,weekday,9,12,10,2,0,3359,12,0,0
D4X,weekday,10,31,28,1,2,2741,29,1,0
D4X,weekday,11,1,1,0,0,352,1,0,0
D4X,weekday,12,44,42,1,1,3398,42,0,0
D4X,weekday,13,4,1,3,0,2092,4,0,0
D4X,weekday,14,18,17,1,0,2436,18,0,0
D4X,weekday,15,4,3,1,0,1791,4,0,0
D4X,weekday,16,20,17,0,3,569,18,2,0
D4X,weekday,17,27,22,3,2,6413,10,1,0
D4X,weekday,18,34,31,1,2,3117,29,2,0
D4X,weekday,19,10,5,5,0,5210,10,0,0
D4X,weekday,20,28,26,1,1,3411,26,2,0
D4X,weekday,21,4,1,3,0,2222,4,0,0
D4X,weekday,22,30,26,0,4,1204,30,2,0
D4X,weekend,6,7,7,0,0,568,0,0,0
D4X,weekend,7,5,2,3,0,2701,0,0,0
D4X,weekend,8,11,11,0,0,2093,4,0,0
D4X,weekend,9,2,2,0,0,505,2,0,0
D4X,weekend,10,12,11,0,1,978,11,0,0
D4X,weekend,11,3,0,3,0,4210,3,0,1
D4X,weekend,12,13,12,0,1,870,10,0,0
D4X,weekend,13,4,1,3,0,1909,4,0,0
D4X,weekend,14,15,14,0,1,-107,15,0,0
D4X,weekend,15,3,1,2,0,1658,3,0,0
D4X,weekend,16,16,14,1,1,1344,15,0,0
D4X,weekend,17,4,1,3,0,2155,4,0,0
D4X,weekend,18,13,13,0,0,478,13,0,0
D4X,weekend,19,4,2,2,0,2589,4,0,0
D4X,weekend,20,16,12,0,4,-50,16,1,0
D50,weekday,5,4,2,2,0,2887,1,0,0
D50,weekday,6,30,29,0,1,1277,0,0,0
D50,weekday,7,1,0,1,0,520,1,0,0
D50,weekday,8,36,25,0,11,-385,21,0,0
D50,weekday,9,5,1,4,0,3358,3,0,0
D50,weekday,10,24,20,0,4,453,21,2,0
D50,weekday,11,3,3,0,0,842,3,0,0
D50,weekday,12,16,12,1,3,872,16,0,0
D50,weekday,13,1,0,1,0,672,1,0,0
D50,weekday,14,12,9,1,2,783,12,1,0
D50,weekday,15,8,2,6,0,6526,8,0,0
D50,weekday,16,10,8,1,1,790,10,0,0
D50,weekday,17,23,15,8,0,7368,7,1,1
D50,weekday,18,26,17,0,9,-1734,23,2,0
D50,weekday,19,5,1,4,0,3693,5,0,0
D50,weekday,20,16,12,0,4,370,15,0,0
D50,weekday,21,6,4,2,0,2306,4,0,0
D50,weekday,22,17,14,1,2,1086,14,0,0
D50,weekend,5,4,0,4,0,2643,0,0,0
D50,weekend,6,9,7,1,1,520,0,0,0
D50,weekend,7,2,1,1,0,835,2,0,0
D50,weekend,8,12,11,1,0,1837,3,0,0
D50,weekend,9,2,0,2,0,1078,2,0,0
D50,weekend,10,7,6,1,0,1018,5,0,0
D50,weekend,11,1,1,0,0,344,1,0,0
D50,weekend,12,9,9,0,0,235,8,0,0
D50,weekend,13,1,1,0,0,402,1,0,0
D50,weekend,14,12,12,0,0,719,9,0,0
D50,weekend,15,2,2,0,0,414,2,0,0
D50,weekend,16,13,7,1,5,-716,13,0,0
D50,weekend,17,3,1,2,0,1126,3,0,0
D50,weekend,18,11,8,0,3,163,11,1,0
D50,weekend,19,2,0,2,0,1047,2,0,0
D50,weekend,20,11,9,0,2,-10,11,0,0
D50,weekend,21,2,1,1,0,1079,2,0,0
D50,weekend,22,12,10,0,2,1073,9,0,0
D5X,weekday,5,6,3,3,0,2585,0,0,0
D5X,weekday,6,26,25,0,1,644,7,2,0
D5X,weekday,7,8,6,2,0,2547,4,0,0
D5X,weekday,8,47,35,0,12,-254,32,8,0
D5X,weekday,9,3,2,1,0,787,1,0,0
D5X,weekday,10,28,25,0,3,596,24,0,0
D5X,weekday,11,3,1,2,0,1939,2,0,0
D5X,weekday,12,32,29,1,2,1384,31,0,0
D5X,weekday,13,3,3,0,0,847,3,0,0
D5X,weekday,14,17,13,0,4,-34,17,0,0
D5X,weekday,15,5,1,4,0,2992,5,0,0
D5X,weekday,16,22,14,3,5,5000,18,0,0
D5X,weekday,17,46,30,16,0,17056,22,3,0
D5X,weekday,18,57,44,6,7,6541,55,3,0
D5X,weekday,19,4,4,0,0,1094,4,0,0
D5X,weekday,20,20,17,1,2,3542,20,0,0
D5X,weekday,21,2,2,0,0,447,2,0,0
D5X,weekday,22,7,5,0,2,248,7,0,0
D5X,weekend,7,1,1,0,0,100,0,0,0
D5X,weekend,8,6,5,0,1,129,0,0,0
D5X,weekend,9,1,1,0,0,281,1,0,0
D5X,weekend,10,10,8,0,2,640,3,0,0
D5X,weekend,11,1,1,0,0,300,0,0,0
D5X,weekend,12,13,12,0,1,322,8,0,0
D5X,weekend,13,2,2,0,0,482,2,0,0
D5X,weekend,14,14,11,0,3,486,11,0,0
D5X,weekend,15,2,2,0,0,627,2,0,0
D5X,weekend,16,11,8,0,3,-112,10,0,0
D5X,weekend,17,2,1,1,0,1019,2,0,0
D5X,weekend,18,10,7,1,2,390,10,0,0
D5X,weekend,19,4,3,1,0,1011,3,0,0
D5X,weekend,20,9,9,0,0,538,8,0,0
D5X,weekend,22,4,4,0,0,26,4,0,0
D60,weekday,5,5,4,1,0,1319,0,0,0
D60,weekday,6,22,21,0,1,1593,0,0,0
D60,weekday,7,16,7,9,0,7614,8,1,0
D60,weekday,8,31,29,2,0,2922,23,5,2
D60,weekday,9,9,2,7,0,5296,8,0,0
D60,weekday,10,26,24,2,0,4577,19,0,0
D60,weekday,11,8,5,3,0,3743,7,0,0
D60,weekday,12,30,27,0,3,1085,29,0,0
D60,weekday,13,4,3,1,0,1200,4,0,0
D60,weekday,14,13,10,0,3,101,13,0,0
D60,weekday,15,4,0,4,0,2734,4,0,0
D60,weekday,16,14,9,2,3,2156,12,0,0
D60,weekday,17,22,13,8,1,7177,6,2,1
D60,weekday,18,39,34,1,4,4565,35,1,0
D60,weekday,19,8,4,4,0,3714,5,0,0
D60,weekday,20,30,28,0,2,2548,28,0,0
D60,weekday,21,10,6,4,0,4336,10,0,0
D60,weekday,22,18,18,0,0,2531,18,0,0
D60,weekend,5,5,2,3,0,2097,0,0,0
D60,weekend,6,7,5,1,1,118,0,0,0
D60,weekend,7,2,2,0,0,747,0,0,0
D60,weekend,8,7,6,0,1,1201,2,0,0
D60,weekend,9,2,0,2,0,1397,0,0,0
D60,weekend,10,11,10,0,1,1364,7,1,0
D60,weekend,11,3,3,0,0,696,3,0,0
D60,weekend,12,14,14,0,0,1520,13,0,0
D60,weekend,14,15,13,0,2,950,15,0,0
D60,weekend,15,3,2,1,0,968,3,0,0
D60,weekend,16,15,14,0,1,740,15,0,0
D60,weekend,17,2,1,1,0,631,1,0,0
D60,weekend,18,12,8,1,3,684,11,0,0
D60,weekend,19,2,2,0,0,563,2,0,0
D60,weekend,20,10,9,0,1,287,10,0,0
D60,weekend,21,1,0,1,0,435,1,0,0
D60,weekend,22,15,10,2,3,1446,15,0,0
D6X,weekday,5,2,2,0,0,478,0,0,0
D6X,weekday,6,17,17,0,0,2742,0,0,0
D6X,weekday,7,18,6,12,0,10655,14,0,0
D6X,weekday,8,42,37,1,4,1473,19,3,0
D6X,weekday,9,3,2,1,0,1239,1,0,0
D6X,weekday,10,25,23,0,2,918,21,0,0
D6X,weekday,11,9,4,5,0,5503,8,0,0
D6X,weekday,12,22,19,1,2,2417,21,1,0
D6X,weekday,14,13,12,0,1,1161,13,0,0
D6X,weekday,15,15,5,10,0,9845,15,1,0
D6X,weekday,16,21,18,1,2,2958,18,1,0
D6X,weekday,17,42,30,12,0,13316,16,2,0
D6X,weekday,18,58,49,4,5,4699,57,5,0
D6X,weekday,19,9,4,5,0,3975,9,0,0
D6X,weekday,20,25,21,4,0,5436,25,1,0
D6X,weekday,21,7,5,2,0,2028,7,0,0
D6X,weekday,22,23,22,1,0,3959,23,0,0
D6X,weekend,6,9,9,0,0,-161,0,0,0
D6X,weekend,7,4,3,1,0,1528,2,0,0
D6X,weekend,8,19,16,0,3,1152,5,0,0
D6X,weekend,9,1,1,0,0,225,1,0,0
D6X,weekend,10,15,15,0,0,1809,13,0,0
D6X,weekend,11,2,2,0,0,355,2,0,0
D6X,weekend,12,19,19,0,0,2101,18,0,0
D6X,weekend,14,15,15,0,0,1589,15,0,0
D6X,weekend,16,19,18,1,0,1988,19,0,0
D6X,weekend,18,17,15,0,2,393,17,0,0
D6X,weekend,19,2,0,2,0,1402,2,0,0
D6X,weekend,20,15,12,0,3,-511,15,2,0
D6X,weekend,21,3,2,1,0,1167,3,0,0
D6X,weekend,22,14,13,0,1,776,14,0,0
D70,weekday,6,14,14,0,0,755,0,0,0
D70,weekday,7,2,2,0,0,423,0,0,0
D70,weekday,8,26,17,0,9,55,8,0,0
D70,weekday,9,7,4,3,0,4163,6,0,0
D70,weekday,10,21,18,0,3,700,13,0,0
D70,weekday,11,2,2,0,0,503,2,0,0
D70,weekday,12,23,22,0,1,1107,20,0,0
D70,weekday,13,4,1,3,0,2823,4,0,0
D70,weekday,14,9,8,0,1,417,9,0,0
D70,weekday,15,5,2,3,0,3472,5,0,0
D70,weekday,16,14,12,1,1,2603,12,2,0
D70,weekday,17,22,13,9,0,13083,10,2,0
D70,weekday,18,19,14,2,3,1997,18,2,0
D70,weekday,19,4,3,1,0,1267,4,0,0
D70,weekday,20,20,17,0,3,938,16,0,0
D70,weekday,21,4,4,0,0,1046,4,0,0
D70,weekday,22,12,10,0,2,1038,12,0,0
D70,weekend,6,2,2,0,0,36,0,0,0
D70,weekend,7,1,1,0,0,341,1,0,0
D70,weekend,8,12,9,1,2,657,1,0,0
D70,weekend,10,13,10,0,3,247,11,0,0
D70,weekend,11,2,1,1,0,1081,1,0,0
D70,weekend,12,11,7,0,4,87,7,1,0
D70,weekend,13,5,0,5,0,3877,2,0,0
D70,weekend,14,7,5,0,2,143,7,1,0
D70,weekend,15,4,1,3,0,2713,4,0,0
D70,weekend,16,7,7,0,0,353,7,0,0
D70,weekend,17,3,0,3,0,1998,3,0,0
D70,weekend,18,10,7,0,3,-448,10,0,0
D70,weekend,19,2,1,1,0,651,2,0,0
D70,weekend,20,8,6,1,1,700,8,0,0
D70,weekend,22,8,5,0,3,-246,8,0,0
D72,weekday,5,1,0,1,0,1032,0,0,0
D72,weekday,6,26,20,0,6,-411,4,0,0
D72,weekday,7,6,0,6,0,5129,5,0,0
D72,weekday,8,33,26,4,3,7274,25,7,1
D72,weekday,9,6,2,4,0,2450,5,0,0
D72,weekday,10,20,19,1,0,1784,16,0,0
D72,weekday,11,1,0,1,0,469,1,0,0
D72,weekday,12,19,14,0,5,-210,18,0,0
D72,weekday,13,1,1,0,0,313,1,0,0
D72,weekday,14,13,11,0,2,451,12,0,0
D72,weekday,15,4,0,4,0,2580,4,0,0
D72,weekday,16,16,12,3,1,3342,15,0,0
D72,weekday,17,38,24,13,1,12450,22,1,1
D72,weekday,18,32,29,2,1,2896,29,1,0
D72,weekday,19,3,1,2,0,1444,2,0,0
D72,weekday,20,16,14,0,2,713,16,0,0
D72,weekday,21,1,1,0,0,404,1,0,0
D72,weekday,22,21,19,0,2,855,21,0,0
D72,weekend,6,12,11,0,1,594,0,0,0
D72,weekend,7,1,0,1,0,496,0,0,0
D72,weekend,8,8,8,0,0,795,4,0,0
D72,weekend,9,1,1,0,0,284,1,0,0
D72,weekend,10,8,6,1,1,1243,7,0,0
D72,weekend,12,10,8,0,2,287,10,0,0
D72,weekend,13,2,1,1,0,1012,2,0,0
D72,weekend,14,11,9,0,2,297,11,1,0
D72,weekend,15,3,2,1,0,1388,3,0,0
D72,weekend,16,6,6,0,0,1053,6,0,0
D72,weekend,17,2,1,1,0,602,2,0,0
D72,weekend,18,6,5,0,1,869,6,0,0
D72,weekend,20,9,9,0,0,1110,9,0,0
D72,weekend,21,1,1,0,0,104,1,0,0
D72,weekend,22,10,10,0,0,942,9,0,0
D74,weekday,6,22,22,0,0,733,0,0,0
D74,weekday,7,9,5,4,0,4238,0,0,0
D74,weekday,8,27,21,1,5,1262,11,0,0
D74,weekday,9,4,1,3,0,1990,1,0,0
D74,weekday,10,20,12,1,7,638,12,0,0
D74,weekday,11,2,0,2,0,1045,1,0,0
D74,weekday,12,27,24,0,3,1503,24,0,0
D74,weekday,13,2,2,0,0,596,2,0,0
D74,weekday,14,14,12,0,2,-144,14,0,0
D74,weekday,15,4,1,3,0,3066,4,0,0
D74,weekday,16,11,10,1,0,2086,10,0,0
D74,weekday,17,31,7,22,2,21432,13,2,2
D74,weekday,18,21,15,6,0,8546,18,1,2
D74,weekday,19,15,2,13,0,10182,14,2,0
D74,weekday,20,28,25,1,2,1193,24,3,0
D74,weekday,21,4,2,2,0,1829,2,0,0
D74,weekday,22,18,13,0,5,-258,15,0,0
D74,weekend,6,3,2,0,1,-163,0,0,0
D74,weekend,7,4,1,3,0,2055,0,0,0
D74,weekend,8,10,10,0,0,1300,0,0,0
D74,weekend,9,1,0,1,0,585,0,0,0
D74,weekend,10,11,9,0,2,370,9,0,0
D74,weekend,11,2,1,1,0,959,1,0,0
D74,weekend,12,9,7,1,1,1532,6,0,0
D74,weekend,13,2,0,2,0,2754,1,0,0
D74,weekend,14,14,8,2,4,1166,12,0,0
D74,weekend,15,2,1,1,0,685,1,0,0
D74,weekend,16,11,11,0,0,1506,11,0,0
D74,weekend,17,1,0,1,0,555,0,0,0
D74,weekend,18,13,9,1,3,763,13,0,0
D74,weekend,19,1,1,0,0,129,1,0,0
D74,weekend,20,13,8,1,4,-45,12,0,0
D74,weekend,21,4,2,2,0,1502,4,0,0
D74,weekend,22,10,9,0,1,-153,9,0,0
D80,weekday,5,7,5,2,0,2248,0,0,0
D80,weekday,6,36,31,0,5,1402,13,2,0
D80,weekday,7,12,6,6,0,5091,10,0,0
D80,weekday,8,35,29,3,3,3368,23,2,0
D80,weekday,9,12,8,4,0,4743,11,0,0
D80,weekday,10,32,25,2,5,1177,30,1,0
D80,weekday,11,12,8,4,0,4358,11,0,0
D80,weekday,12,27,23,0,4,1539,27,1,0
D80,weekday,13,5,3,2,0,1916,5,0,0
D80,weekday,14,16,12,3,1,2388,16,2,0
D80,weekday,15,9,4,5,0,5058,9,0,0
D80,weekday,16,29,23,2,4,2530,25,4,0
D80,weekday,17,48,17,30,1,35210,29,7,0
D80,weekday,18,34,23,7,4,7880,31,7,0
D80,weekday,19,27,10,17,0,18941,26,1,0
D80,weekday,20,20,18,0,2,1897,20,6,0
D80,weekday,21,7,3,4,0,4323,6,0,0
D80,weekday,22,18,15,1,2,1332,18,0,0
D80,weekend,5,1,1,0,0,313,0,0,0
D80,weekend,6,6,6,0,0,1002,0,0,0
D80,weekend,7,4,3,1,0,1371,0,0,0
D80,weekend,8,14,12,0,2,1943,8,3,0
D80,weekend,9,10,3,7,0,5246,8,0,0
D80,weekend,10,11,10,0,1,1338,9,3,0
D80,weekend,11,6,3,3,0,2821,5,0,0
D80,weekend,12,22,18,0,4,2024,20,2,0
D80,weekend,13,5,2,3,0,2970,5,0,0
D80,weekend,14,26,22,0,4,114,26,4,0
D80,weekend,15,9,3,6,0,5319,9,0,0
D80,weekend,16,20,15,0,5,-522,20,2,0
D80,weekend,17,8,4,4,0,3519,8,0,0
D80,weekend,18,26,21,0,5,1438,26,1,0
D80,weekend,19,4,3,1,0,1357,4,0,0
D80,weekend,20,15,13,0,2,646,15,0,0
D80,weekend,21,2,0,2,0,1833,2,0,0
D80,weekend,22,8,7,0,1,779,8,0,0
D82,weekday,6,4,4,0,0,409,0,0,0
D82,weekday,7,3,2,1,0,2055,2,0,0
D82,weekday,8,11,9,0,2,117,2,0,0
D82,weekday,15,2,0,2,0,3213,0,0,0
D82,weekday,16,7,6,1,0,2041,4,2,0
D82,weekday,17,14,5,9,0,9693,5,0,0
D82,weekday,18,9,7,2,0,2680,5,0,0
D90,weekday,6,8,8,0,0,-345,0,0,0
D90,weekday,7,2,2,0,0,690,0,0,0
D90,weekday,8,16,14,1,1,1403,2,0,0
D90,weekday,9,1,0,1,0,461,0,0,0
D90,weekday,10,14,11,0,3,-572,10,0,0
D90,weekday,12,22,16,0,6,-799,19,0,0
D90,weekday,14,8,8,0,0,824,6,0,0
D90,weekday,15,2,1,1,0,835,1,0,0
D90,weekday,16,7,5,1,1,359,7,0,0
D90,weekday,17,15,8,7,0,7006,5,0,0
D90,weekday,18,11,4,5,2,3023,7,0,1
D90,weekday,19,3,1,2,0,2728,3,0,0
D90,weekday,20,10,9,1,0,1632,8,0,0
D90,weekday,22,9,9,0,0,1262,8,0,0
D90,weekend,8,6,6,0,0,49,0,0,0
D90,weekend,9,1,0,1,0,881,0,0,0
D90,weekend,10,5,5,0,0,309,4,0,0
D90,weekend,11,1,0,1,0,437,0,0,0
D90,weekend,12,5,3,0,2,-381,3,0,0
D90,weekend,13,1,0,1,0,1092,1,0,0
D90,weekend,14,2,2,0,0,565,2,0,0
D90,weekend,16,5,3,0,2,206,4,0,0
D90,weekend,18,3,2,1,0,492,3,0,0
D90,weekend,20,6,4,0,2,-889,5,0,0
D90,weekend,22,3,3,0,0,15,2,0,0
D94,weekday,5,1,1,0,0,163,0,0,0
D94,weekday,6,10,9,0,1,466,0,0,0
D94,weekday,7,3,3,0,0,909,1,0,0
D94,weekday,8,15,15,0,0,2266,7,0,0
D94,weekday,9,2,2,0,0,297,2,0,0
D94,weekday,10,5,4,0,1,152,3,0,0
D94,weekday,11,3,2,1,0,967,3,0,0
D94,weekday,12,7,5,1,1,950,3,0,0
D94,weekday,13,1,1,0,0,227,1,0,0
D94,weekday,14,3,2,1,0,638,3,0,0
D94,weekday,15,3,2,1,0,909,3,0,0
D94,weekday,16,7,6,1,0,2698,3,0,0
D94,weekday,17,11,6,5,0,3816,3,1,0
D94,weekday,18,9,9,0,0,1536,5,0,0
D94,weekday,19,6,2,4,0,2777,2,0,0
D94,weekday,20,12,11,1,0,1776,9,0,0
D94,weekday,21,2,0,2,0,991,2,0,0
D94,weekday,22,10,10,0,0,1387,8,0,0
D94,weekend,6,5,4,0,1,207,0,0,0
D94,weekend,8,7,7,0,0,308,4,0,0
D94,weekend,9,2,1,1,0,805,1,0,0
D94,weekend,10,4,3,0,1,233,2,0,0
D94,weekend,11,1,0,1,0,942,0,0,0
D94,weekend,12,4,2,1,1,536,4,0,0
D94,weekend,13,3,2,1,0,1054,2,0,0
D94,weekend,14,4,3,1,0,1160,4,0,0
D94,weekend,15,3,2,1,0,1505,3,0,0
D94,weekend,16,5,4,1,0,1283,3,0,0
D94,weekend,17,4,2,2,0,1861,3,0,0
D94,weekend,18,5,5,0,0,707,5,0,0
D94,weekend,19,1,1,0,0,338,1,0,0
D94,weekend,20,4,4,0,0,112,4,0,0
D94,weekend,21,2,1,1,0,959,2,0,0
D94,weekend,22,5,4,1,0,804,5,0,0
D96,weekday,5,4,4,0,0,653,0,0,0
D96,weekday,6,12,12,0,0,-49,0,0,0
D96,weekday,7,2,0,2,0,1386,0,0,0
D96,weekday,8,23,20,0,3,895,9,0,0
D96,weekday,9,5,2,3,0,3410,2,0,0
D96,weekday,10,11,10,0,1,777,4,0,0
D96,weekday,11,8,1,7,0,9013,8,0,0
D96,weekday,12,15,11,0,4,172,9,0,0
D96,weekday,13,2,1,1,0,839,2,0,0
D96,weekday,14,7,5,1,1,1471,5,0,0
D96,weekday,15,5,2,3,0,2565,4,0,0
D96,weekday,16,13,9,0,4,-426,12,0,0
D96,weekday,17,23,8,15,0,11275,8,0,0
D96,weekday,18,21,16,1,4,2600,11,1,0
D96,weekday,19,8,4,4,0,3507,7,0,0
D96,weekday,20,22,20,1,1,3385,18,0,0
D96,weekday,21,3,1,2,0,1263,2,0,0
D96,weekday,22,18,14,0,4,905,16,0,0
D96,weekend,7,1,1,0,0,342,0,0,0
D96,weekend,8,7,6,0,1,296,0,0,0
D96,weekend,9,2,1,1,0,1107,0,0,0
D96,weekend,10,3,3,0,0,157,3,0,0
D96,weekend,11,2,0,2,0,1865,0,0,0
D96,weekend,12,2,1,1,0,570,1,0,0
D96,weekend,13,3,0,3,0,2100,2,0,0
D96,weekend,14,2,2,0,0,178,1,0,0
D96,weekend,15,4,0,4,0,3319,3,0,0
D96,weekend,16,2,2,0,0,382,2,0,0
D96,weekend,17,5,4,1,0,1735,2,0,0
D96,weekend,18,6,6,0,0,720,5,0,0
D96,weekend,19,2,1,1,0,951,2,0,0
D96,weekend,20,7,5,0,2,-281,6,0,0
D96,weekend,22,7,5,0,2,-134,7,0,0
F19,weekday,6,2,2,0,0,293,0,0,0
F19,weekday,7,2,0,2,0,2077,0,0,0
F19,weekday,8,7,7,0,0,722,1,0,0
F19,weekday,16,1,1,0,0,289,0,0,0
F19,weekday,17,5,4,1,0,1395,0,0,0
F19,weekday,18,6,3,0,3,-242,0,0,0
F1X,weekday,5,6,6,0,0,1550,0,0,0
F1X,weekday,6,23,22,1,0,2685,0,0,0
F1X,weekday,7,4,3,1,0,2284,2,0,0
F1X,weekday,8,33,29,0,4,2813,16,0,0
F1X,weekday,9,8,1,7,0,4202,8,0,0
F1X,weekday,10,18,15,1,2,218,11,0,0
F1X,weekday,11,9,4,5,0,5175,6,0,0
F1X,weekday,12,15,15,0,0,1105,15,0,0
F1X,weekday,13,5,3,2,0,1929,5,0,0
F1X,weekday,14,12,11,0,1,232,12,0,0
F1X,weekday,15,8,4,4,0,3571,6,0,0
F1X,weekday,16,6,6,0,0,551,5,0,0
F1X,weekday,17,26,10,16,0,14572,12,2,0
F1X,weekday,18,25,19,4,2,3833,17,2,0
F1X,weekday,19,5,2,3,0,3177,4,0,0
F1X,weekday,20,26,23,0,3,1185,21,0,0
F1X,weekday,21,2,1,1,0,2191,2,0,0
F1X,weekday,22,18,18,0,0,1187,17,0,0
F1X,weekend,5,2,0,2,0,959,0,0,0
F1X,weekend,6,9,9,0,0,1196,0,0,0
F1X,weekend,7,2,1,1,0,868,0,0,0
F1X,weekend,8,10,10,0,0,213,4,0,0
F1X,weekend,9,2,1,1,0,625,2,0,0
F1X,weekend,10,13,10,1,2,951,11,0,0
F1X,weekend,11,2,0,2,0,2221,2,0,0
F1X,weekend,12,14,12,1,1,1483,12,1,0
F1X,weekend,13,4,1,3,0,2765,2,0,0
F1X,weekend,14,19,18,0,1,2312,16,0,0
F1X,weekend,15,1,1,0,0,253,1,0,0
F1X,weekend,16,12,10,1,1,1879,12,0,0
F1X,weekend,17,2,1,1,0,1046,2,0,0
F1X,weekend,18,17,14,2,1,1603,15,0,0
F1X,weekend,20,20,17,1,2,939,20,0,0
F1X,weekend,21,2,0,2,0,1319,2,0,0
F1X,weekend,22,7,7,0,0,463,7,0,0
F20,weekday,5,5,3,2,0,2481,0,0,0
F20,weekday,6,39,37,0,2,2736,1,0,0
F20,weekday,7,13,6,7,0,6012,7,0,0
F20,weekday,8,51,49,2,0,5496,25,0,0
F20,weekday,9,11,6,5,0,4720,10,1,0
F20,weekday,10,48,42,2,4,5476,44,1,0
F20,weekday,11,11,4,7,0,5399,11,0,0
F20,weekday,12,45,44,1,0,6372,41,3,0
F20,weekday,13,15,9,6,0,5438,15,0,0
F20,weekday,14,18,18,0,0,2085,18,0,0
F20,weekday,15,5,3,2,0,2446,5,0,0
F20,weekday,16,25,22,1,2,2294,22,0,0
F20,weekday,17,46,23,21,2,16275,15,1,0
F20,weekday,18,55,53,1,1,6283,49,2,0
F20,weekday,19,25,13,12,0,11699,24,0,0
F20,weekday,20,37,35,0,2,3023,34,3,0
F20,weekday,21,11,2,9,0,7056,10,0,0
F20,weekday,22,27,25,1,1,3505,24,1,0
F20,weekend,5,2,1,1,0,936,0,0,0
F20,weekend,6,7,6,1,0,1235,1,0,0
F20,weekend,7,5,4,1,0,1473,0,0,0
F20,weekend,8,31,29,1,1,2944,9,0,0
F20,weekend,9,5,5,0,0,1381,5,0,0
F20,weekend,10,29,27,0,2,2929,24,0,0
F20,weekend,11,15,7,8,0,6879,13,0,0
F20,weekend,12,14,13,0,1,460,14,0,0
F20,weekend,13,7,3,4,0,3129,7,0,0
F20,weekend,14,17,15,2,0,2958,15,0,0
F20,weekend,15,11,7,4,0,3799,11,0,0
F20,weekend,16,20,18,1,1,2221,20,1,0
F20,weekend,17,14,9,5,0,5845,14,0,0
F20,weekend,18,20,20,0,0,3374,20,0,0
F20,weekend,19,10,5,5,0,4247,10,0,0
F20,weekend,20,23,23,0,0,2790,23,2,0
F20,weekend,21,5,5,0,0,1421,5,0,0
F20,weekend,22,12,10,2,0,1891,12,0,0
F23,weekday,5,2,0,2,0,1083,0,0,0
F23,weekday,6,10,9,1,0,651,0,0,0
F23,weekday,7,3,0,3,0,4330,0,0,0
F23,weekday,8,8,6,1,1,865,2,0,0
F23,weekday,9,1,0,1,0,645,1,0,0
F23,weekday,10,16,13,1,2,781,7,0,0
F23,weekday,11,5,1,4,0,4119,0,0,0
F23,weekday,12,11,10,1,0,1030,8,0,0
F23,weekday,13,1,0,1,0,818,1,0,0
F23,weekday,14,5,4,1,0,575,5,0,0
F23,weekday,15,3,0,3,0,2752,3,0,0
F23,weekday,16,10,8,1,1,725,7,1,0
F23,weekday,17,8,4,2,2,945,0,0,0
F23,weekday,18,10,8,1,1,1228,6,0,0
F23,weekday,20,20,19,1,0,1480,10,0,0
F23,weekday,22,16,11,0,5,-636,9,0,0
F23,weekend,7,2,2,0,0,746,0,0,0
F23,weekend,8,5,5,0,0,807,0,0,0
F23,weekend,9,3,1,2,0,1176,1,0,0
F23,weekend,10,6,6,0,0,1267,5,0,0
F23,weekend,11,1,1,0,0,403,1,0,0
F23,weekend,12,6,4,1,1,388,4,0,0
F23,weekend,13,2,0,2,0,1139,0,0,0
F23,weekend,14,9,8,0,1,640,6,0,0
F23,weekend,16,9,7,0,2,101,8,0,0
F23,weekend,18,6,5,0,1,205,6,0,0
F23,weekend,19,9,1,8,0,11339,4,0,1
F23,weekend,20,6,6,0,0,498,5,0,0
F23,weekend,21,1,1,0,0,373,0,0,0
F24,weekday,6,4,3,1,0,1427,0,0,0
F24,weekday,7,7,0,7,0,6675,0,0,0
F24,weekday,8,11,9,2,0,2203,0,0,0
F24,weekday,9,7,0,7,0,4665,2,0,0
F24,weekday,10,13,11,1,1,1167,5,0,0
F24,weekday,11,5,1,4,0,3463,4,0,0
F24,weekday,12,11,10,1,0,1462,8,0,0
F24,weekday,13,6,3,3,0,3056,3,0,0
F24,weekday,14,6,6,0,0,922,6,0,0
F24,weekday,16,8,8,0,0,1224,7,0,0
F24,weekday,17,10,3,5,2,4075,2,0,0
F24,weekday,18,19,19,0,0,2445,11,0,0
F24,weekday,19,1,0,1,0,494,1,0,0
F24,weekday,20,15,15,0,0,288,8,0,0
F24,weekday,21,4,4,0,0,987,1,0,0
F24,weekday,22,6,6,0,0,1123,3,0,0
F24,weekend,7,1,1,0,0,160,0,0,0
F24,weekend,8,6,6,0,0,181,0,0,0
F24,weekend,9,2,1,1,0,833,0,0,0
F24,weekend,10,8,8,0,0,785,7,0,0
F24,weekend,11,2,2,0,0,659,2,0,0
F24,weekend,12,9,9,0,0,1144,6,0,0
F24,weekend,13,4,1,3,0,2656,2,0,0
F24,weekend,14,5,4,0,1,236,5,0,0
F24,weekend,15,2,1,1,0,894,1,0,0
F24,weekend,16,7,7,0,0,683,7,0,0
F24,weekend,18,7,6,0,1,75,7,0,0
F24,weekend,19,1,1,0,0,225,1,0,0
F24,weekend,20,8,8,0,0,713,8,0,0
F24,weekend,22,4,3,0,1,122,1,0,0
F26,weekday,5,2,1,1,0,1827,0,0,0
F26,weekday,6,7,6,0,1,591,0,0,0
F26,weekday,7,4,3,1,0,2123,1,0,0
F26,weekday,8,9,8,0,1,785,4,0,0
F26,weekday,10,7,7,0,0,685,5,0,0
F26,weekday,12,6,6,0,0,867,3,0,0
F26,weekday,14,3,3,0,0,158,3,0,0
F26,weekday,15,2,0,2,0,1385,0,0,0
F26,weekday,16,4,3,1,0,830,2,0,0
F26,weekday,17,9,6,3,0,3625,1,0,0
F26,weekday,18,11,8,3,0,4991,6,0,0
F26,weekday,19,2,0,2,0,1627,1,0,0
F26,weekend,8,3,2,1,0,1117,0,0,0
F26,weekend,10,2,1,1,0,864,1,0,0
F26,weekend,11,1,0,1,0,1488,0,0,0
F26,weekend,12,3,3,0,0,525,3,0,0
F26,weekend,14,4,4,0,0,780,3,0,0
F26,weekend,16,5,5,0,0,597,5,0,0
F26,weekend,18,3,3,0,0,229,2,0,0
F26,weekend,20,5,5,0,0,270,5,0,0
F28,weekday,5,1,1,0,0,229,0,0,0
F28,weekday,6,10,10,0,0,1018,0,0,0
F28,weekday,7,4,1,3,0,2173,0,0,0
F28,weekday,8,2,1,0,1,209,1,0,0
F28,weekday,16,4,4,0,0,326,0,0,0
F28,weekday,17,5,4,1,0,1304,0,0,0
F28,weekday,18,11,10,1,0,1463,5,0,0
F28,weekday,19,3,0,3,0,2040,2,0,0
F28,weekday,20,1,1,0,0,371,0,0,0
F29,weekday,6,8,8,0,0,854,0,0,0
F29,weekday,8,16,16,0,0,1017,1,0,0
F29,weekday,16,2,2,0,0,-53,0,0,0
F29,weekday,17,6,2,3,1,2777,1,0,0
F29,weekday,18,7,2,1,4,-180,2,0,0
F44,weekday,6,16,16,0,0,1315,0,0,0
F44,weekday,7,1,0,1,0,702,0,0,0
F44,weekday,8,15,13,0,2,-726,8,0,0
F44,weekday,9,1,1,0,0,287,0,0,0
F44,weekday,10,17,15,0,2,-25,16,0,0
F44,weekday,11,3,3,0,0,679,3,0,0
F44,weekday,12,14,14,0,0,668,14,0,0
F44,weekday,13,1,0,1,0,428,0,0,0
F44,weekday,14,7,7,0,0,635,7,0,0
F44,weekday,16,8,6,1,1,330,2,0,0
F44,weekday,17,10,10,0,0,1316,1,0,0
F44,weekday,18,16,15,0,1,1961,11,0,0
F44,weekday,19,6,2,4,0,2880,4,0,0
F44,weekday,20,18,16,2,0,3321,11,0,0
F44,weekday,22,7,5,0,2,-35,6,0,0
F44,weekend,6,2,2,0,0,304,0,0,0
F44,weekend,8,10,9,0,1,124,2,0,0
F44,weekend,10,9,7,1,1,1008,6,0,0
F44,weekend,12,7,7,0,0,190,5,0,0
F44,weekend,14,7,7,0,0,-97,6,0,0
F44,weekend,16,10,10,0,0,85,9,0,0
F44,weekend,18,10,10,0,0,1007,9,0,0
F44,weekend,19,1,0,1,0,431,1,0,0
F44,weekend,20,9,8,0,1,-103,8,0,0
F44,weekend,22,5,5,0,0,322,4,0,0
F50,weekday,6,7,7,0,0,718,0,0,0
F50,weekday,7,6,3,3,0,2601,0,0,0
F50,weekday,8,11,10,1,0,1227,1,0,0
F50,weekday,9,6,4,2,0,2236,2,0,0
F50,weekday,10,17,14,0,3,1667,11,0,0
F50,weekday,11,4,3,1,0,1177,2,0,0
F50,weekday,12,18,17,1,0,2068,17,0,0
F50,weekday,13,2,2,0,0,355,2,0,0
F50,weekday,14,6,6,0,0,738,6,0,0
F50,weekday,15,3,0,3,0,1973,2,0,0
F50,weekday,16,7,5,1,1,3744,5,0,0
F50,weekday,17,10,5,5,0,7741,1,0,0
F50,weekday,18,12,10,2,0,3656,6,1,0
F50,weekday,19,11,2,9,0,9838,5,0,0
F50,weekday,20,10,10,0,0,1940,6,0,0
F50,weekday,21,2,2,0,0,472,2,0,0
F50,weekday,22,11,11,0,0,2454,7,0,0
F50,weekend,6,5,5,0,0,-128,0,0,0
F50,weekend,7,1,1,0,0,342,0,0,0
F50,weekend,8,3,3,0,0,423,0,0,0
F50,weekend,10,5,5,0,0,39,1,0,0
F50,weekend,11,1,0,1,0,644,1,0,0
F50,weekend,12,3,3,0,0,487,0,0,0
F50,weekend,13,3,0,3,0,1991,2,0,0
F50,weekend,14,2,2,0,0,-5,0,0,0
F50,weekend,15,1,0,1,0,761,1,0,0
F50,weekend,16,4,3,0,1,-10,3,0,0
F50,weekend,18,5,5,0,0,347,4,0,0
F50,weekend,20,3,2,0,1,239,3,0,0
F50,weekend,21,1,1,0,0,345,1,0,0
F50,weekend,22,2,2,0,0,208,2,0,0
F60,weekday,5,3,1,2,0,1481,0,0,0
F60,weekday,6,11,10,0,1,372,0,0,0
F60,weekday,7,5,2,3,0,2321,1,0,0
F60,weekday,8,12,11,0,1,560,5,0,0
F60,weekday,9,8,6,2,0,3250,2,0,0
F60,weekday,10,16,14,0,2,930,10,0,0
F60,weekday,11,2,2,0,0,575,1,0,0
F60,weekday,12,19,18,0,1,1777,17,0,0
F60,weekday,13,3,1,2,0,1816,2,0,0
F60,weekday,14,7,7,0,0,542,6,0,0
F60,weekday,15,3,1,2,0,1371,3,0,0
F60,weekday,16,7,5,1,1,908,6,0,0
F60,weekday,17,13,8,5,0,5255,3,0,0
F60,weekday,18,12,11,1,0,1278,7,0,0
F60,weekday,19,9,4,5,0,4445,4,0,0
F60,weekday,20,6,5,0,1,393,2,0,0
F60,weekday,21,3,1,2,0,1424,1,0,0
F60,weekday,22,9,9,0,0,735,8,0,0
F60,weekend,7,1,1,0,0,344,0,0,0
F60,weekend,8,8,7,0,1,515,0,0,0
F60,weekend,9,1,1,0,0,370,0,0,0
F60,weekend,10,8,4,2,2,904,6,0,0
F60,weekend,11,2,2,0,0,599,0,0,0
F60,weekend,12,5,4,1,0,700,3,0,0
F60,weekend,13,2,1,1,0,893,0,0,0
F60,weekend,14,9,7,1,1,171,7,0,0
F60,weekend,15,1,0,1,0,910,0,0,0
F60,weekend,16,10,8,1,1,811,9,0,0
F60,weekend,17,3,1,2,0,4183,2,0,0
F60,weekend,18,8,8,0,0,451,8,1,0
F60,weekend,19,1,0,1,0,792,0,0,0
F60,weekend,20,6,5,0,1,27,5,0,0
F60,weekend,21,2,1,1,0,690,1,0,0
F60,weekend,22,3,2,0,1,-164,2,0,0
F61,weekday,5,4,0,4,0,2181,0,0,0
F61,weekday,6,9,7,2,0,1498,0,0,0
F61,weekday,7,7,1,6,0,4704,1,0,0
F61,weekday,8,14,12,1,1,1810,1,0,0
F61,weekday,9,2,2,0,0,417,2,0,0
F61,weekday,10,15,15,0,0,1555,7,0,0
F61,weekday,11,8,2,6,0,5375,4,0,0
F61,weekday,12,11,11,0,0,764,11,0,0
F61,weekday,13,6,4,2,0,2997,3,0,0
F61,weekday,14,7,7,0,0,579,5,0,0
F61,weekday,15,5,0,5,0,3081,5,0,0
F61,weekday,16,8,8,0,0,545,7,0,0
F61,weekday,17,14,8,5,1,5021,2,0,0
F61,weekday,18,10,8,2,0,2584,7,0,0
F61,weekday,19,8,2,6,0,3874,7,0,0
F61,weekday,20,14,13,1,0,2737,8,0,0
F61,weekday,21,9,4,5,0,4110,4,0,0
F61,weekday,22,10,8,2,0,2723,9,0,0
F61,weekend,7,1,0,1,0,552,0,0,0
F61,weekend,8,6,5,1,0,753,0,0,0
F61,weekend,9,4,2,2,0,2022,1,0,0
F61,weekend,10,7,7,0,0,564,4,0,0
F61,weekend,11,1,0,1,0,467,0,0,0
F61,weekend,12,7,6,1,0,1243,6,0,0
F61,weekend,13,3,1,2,0,2138,1,0,0
F61,weekend,14,8,7,1,0,1100,6,0,0
F61,weekend,15,6,2,4,0,5176,4,0,1
F61,weekend,16,6,4,2,0,1713,5,0,0
F61,weekend,17,3,0,3,0,2115,3,0,0
F61,weekend,18,4,4,0,0,338,4,0,0
F61,weekend,19,2,1,1,0,898,1,0,0
F61,weekend,20,6,6,0,0,812,4,0,0
F61,weekend,22,7,7,0,0,517,6,0,0
F62,weekday,5,2,0,2,0,1235,0,0,0
F62,weekday,6,23,23,0,0,1523,0,0,0
F62,weekday,7,6,5,1,0,1881,2,0,0
F62,weekday,8,14,14,0,0,1932,9,0,0
F62,weekday,9,5,5,0,0,1171,3,0,0
F62,weekday,10,15,14,0,1,520,15,0,0
F62,weekday,11,4,3,1,0,1377,3,0,0
F62,weekday,12,14,14,0,0,416,14,0,0
F62,weekday,13,2,2,0,0,389,1,0,0
F62,weekday,14,9,9,0,0,652,9,0,0
F62,weekday,16,10,9,1,0,1303,8,0,0
F62,weekday,17,21,10,11,0,10159,4,0,0
F62,weekday,18,19,10,4,5,2300,11,0,0
F62,weekday,19,9,2,7,0,4147,7,0,0
F62,weekday,20,17,13,1,3,819,12,0,0
F62,weekday,21,5,5,0,0,1028,4,0,0
F62,weekday,22,27,27,0,0,1924,19,0,0
F62,weekend,7,3,0,3,0,4389,0,0,0
F62,weekend,8,4,4,0,0,-68,0,0,0
F62,weekend,9,1,1,0,0,193,0,0,0
F62,weekend,10,5,5,0,0,650,3,0,0
F62,weekend,11,2,1,1,0,898,0,0,0
F62,weekend,12,7,7,0,0,819,5,0,0
F62,weekend,13,2,2,0,0,559,2,0,0
F62,weekend,14,7,7,0,0,927,6,0,0
F62,weekend,15,2,1,1,0,655,2,0,0
F62,weekend,16,7,6,0,1,349,6,0,0
F62,weekend,18,8,5,0,3,-151,7,0,0
F62,weekend,20,7,5,1,1,493,7,0,0
F62,weekend,21,1,1,0,0,374,1,0,0
F62,weekend,22,7,6,0,1,-198,6,0,0
F81,weekday,6,14,14,0,0,295,0,0,0
F81,weekday,7,2,0,2,0,1198,1,0,0
F81,weekday,8,10,9,0,1,646,10,0,0
F81,weekday,15,1,0,1,0,710,0,0,0
F81,weekday,16,6,6,0,0,765,0,0,0
F81,weekday,17,9,3,6,0,4666,1,0,0
F81,weekday,18,12,12,0,0,1079,8,0,0
F83,weekday,5,1,0,1,0,694,0,0,0
F83,weekday,6,3,3,0,0,766,0,0,0
F83,weekday,8,3,3,0,0,16,2,0,0
F83,weekday,16,1,1,0,0,74,0,0,0
F83,weekday,17,3,2,1,0,674,0,0,0
F83,weekday,18,7,7,0,0,465,3,0,0
F85,weekday,5,3,3,0,0,425,0,0,0
F85,weekday,6,4,4,0,0,289,0,0,0
F85,weekday,8,6,6,0,0,-285,4,0,0
F85,weekday,15,1,0,1,0,525,0,0,0
F85,weekday,16,2,1,0,1,-79,0,0,0
F85,weekday,17,6,5,0,1,203,0,0,0
F85,weekday,18,6,1,0,5,-1381,4,0,0
F85,weekday,19,2,0,2,0,952,2,0,0
F85,weekday,20,2,2,0,0,88,0,0,0
M12,weekday,5,6,3,3,0,2895,2,0,0
M12,weekday,6,56,45,1,10,1538,11,3,0
M12,weekday,7,14,10,4,0,5292,14,0,0
M12,weekday,8,32,27,2,3,3877,27,2,0
M12,weekday,9,4,0,4,0,2353,4,0,0
M12,weekday,10,17,12,0,5,-103,17,0,0
M12,weekday,11,2,2,0,0,599,2,0,0
M12,weekday,12,23,19,0,4,366,23,0,0
M12,weekday,13,2,0,2,0,1286,2,0,0
M12,weekday,14,11,11,0,0,939,11,1,0
M12,weekday,15,2,1,1,0,839,2,0,0
M12,weekday,16,17,17,0,0,2070,17,0,0
M12,weekday,17,31,20,9,2,7351,10,0,0
M12,weekday,18,34,32,0,2,3152,32,5,0
M12,weekday,19,6,2,4,0,3075,6,0,0
M12,weekday,20,19,17,0,2,655,16,1,0
M12,weekday,21,5,0,5,0,3795,5,0,0
M12,weekday,22,14,13,1,0,1840,14,1,0
M12,weekend,5,2,2,0,0,397,0,0,0
M12,weekend,6,6,5,0,1,-102,0,0,0
M12,weekend,7,2,2,0,0,715,0,0,0
M12,weekend,8,14,12,0,2,1494,8,0,0
M12,weekend,9,1,1,0,0,401,0,0,0
M12,weekend,10,11,11,0,0,485,9,0,0
M12,weekend,11,1,0,1,0,584,1,0,0
M12,weekend,12,14,12,0,2,687,12,0,0
M12,weekend,13,4,2,2,0,1666,2,0,0
M12,weekend,14,10,9,0,1,640,9,0,0
M12,weekend,15,3,3,0,0,515,3,0,0
M12,weekend,16,16,15,0,1,883,16,0,0
M12,weekend,17,2,0,2,0,1167,2,0,0
M12,weekend,18,12,10,0,2,656,12,0,0
M12,weekend,19,3,2,1,0,997,3,0,0
M12,weekend,20,8,7,1,0,1223,8,0,0
M12,weekend,21,5,0,5,0,3763,5,0,0
M12,weekend,22,5,3,1,1,463,3,0,0
M20,weekday,5,3,1,2,0,4057,0,0,0
M20,weekday,6,17,17,0,0,-220,1,0,0
M20,weekday,7,2,0,2,0,1262,1,0,0
M20,weekday,8,26,26,0,0,1310,13,2,0
M20,weekday,9,1,0,1,0,494,1,0,0
M20,weekday,10,17,12,0,5,-477,12,0,0
M20,weekday,11,6,2,4,0,2438,3,0,0
M20,weekday,12,17,16,0,1,298,16,2,0
M20,weekday,13,6,3,3,0,2548,6,0,0
M20,weekday,14,11,10,0,1,1218,9,1,0
M20,weekday,15,4,3,1,0,1831,4,0,0
M20,weekday,16,10,6,0,4,-282,10,0,0
M20,weekday,17,17,12,3,2,4785,5,1,0
M20,weekday,18,25,21,1,3,2199,17,1,0
M20,weekday,19,1,0,1,0,429,0,0,0
M20,weekday,20,19,15,0,4,-250,18,0,0
M20,weekday,21,2,0,2,0,1469,2,0,0
M20,weekday,22,11,10,0,1,396,11,1,0
M20,weekend,6,3,3,0,0,364,0,0,0
M20,weekend,8,7,7,0,0,393,3,0,0
M20,weekend,10,6,6,0,0,577,5,0,0
M20,weekend,12,5,5,0,0,246,5,0,0
M20,weekend,14,8,7,1,0,706,8,0,0
M20,weekend,16,7,4,0,3,-622,7,1,0
M20,weekend,18,6,5,0,1,26,6,0,0
M20,weekend,20,4,4,0,0,260,4,0,0
M20,weekend,22,4,3,0,1,-180,4,0,0
M22,weekday,5,1,0,1,0,434,0,0,0
M22,weekday,6,18,16,2,0,3690,0,0,0
M22,weekday,7,10,1,9,0,6038,1,0,0
M22,weekday,8,21,17,1,3,2078,8,0,0
M22,weekday,9,10,4,6,0,5032,3,0,0
M22,weekday,10,9,9,0,0,1511,9,0,0
M22,weekday,11,5,4,1,0,1966,4,0,0
M22,weekday,12,18,15,1,2,2043,16,0,0
M22,weekday,13,2,1,1,0,656,2,0,0
M22,weekday,14,12,11,1,0,1585,6,0,0
M22,weekday,15,3,2,1,0,919,2,0,0
M22,weekday,16,11,11,0,0,1406,6,0,0
M22,weekday,17,21,11,10,0,8285,3,0,1
M22,weekday,18,25,21,2,2,3117,17,0,0
M22,weekday,19,6,1,5,0,4492,5,0,0
M22,weekday,20,17,15,2,0,2284,13,0,0
M22,weekday,21,2,1,1,0,539,1,0,0
M22,weekday,22,20,20,0,0,1703,20,0,0
M22,weekend,5,1,0,1,0,649,0,0,0
M22,weekend,6,6,6,0,0,519,0,0,0
M22,weekend,7,4,1,3,0,2408,0,0,0
M22,weekend,8,10,8,1,1,1422,1,0,0
M22,weekend,9,6,1,5,0,5083,4,0,0
M22,weekend,10,10,9,0,1,562,6,0,0
M22,weekend,11,1,0,1,0,553,0,0,0
M22,weekend,12,10,7,0,3,221,7,0,0
M22,weekend,13,2,2,0,0,392,2,0,0
M22,weekend,14,12,11,0,1,1794,11,0,0
M22,weekend,15,3,0,3,0,1867,3,0,0
M22,weekend,16,14,12,1,1,956,14,0,0
M22,weekend,17,3,1,2,0,1754,3,0,0
M22,weekend,18,14,12,1,1,1706,13,0,0
M22,weekend,19,3,2,1,0,1208,3,0,0
M22,weekend,20,18,18,0,0,646,17,0,0
M22,weekend,21,3,0,3,0,1755,3,0,0
M22,weekend,22,6,6,0,0,597,5,0,0
M42,weekday,5,1,0,1,0,669,0,0,0
M42,weekday,6,16,12,1,3,538,0,0,0
M42,weekday,7,6,1,5,0,3145,0,0,0
M42,weekday,8,8,8,0,0,852,7,0,0
M42,weekday,9,12,4,8,0,5159,5,0,0
M42,weekday,10,13,12,0,1,-51,10,0,0
M42,weekday,11,2,1,1,0,873,2,0,0
M42,weekday,12,8,7,0,1,-345,8,0,0
M42,weekday,13,3,3,0,0,790,2,0,0
M42,weekday,14,5,4,0,1,247,4,0,0
M42,weekday,15,3,0,3,0,2295,2,0,0
M42,weekday,16,7,7,0,0,289,5,0,0
M42,weekday,17,12,9,3,0,2983,1,0,0
M42,weekday,18,17,11,2,4,1888,12,0,0
M42,weekday,19,5,2,3,0,2567,3,0,0
M42,weekday,20,16,13,0,3,-328,10,0,0
M42,weekday,22,7,7,0,0,421,3,0,0
M42,weekend,6,4,4,0,0,184,0,0,0
M42,weekend,7,1,0,1,0,1212,0,0,0
M42,weekend,8,5,5,0,0,879,2,0,0
M42,weekend,10,3,3,0,0,603,1,0,0
M42,weekend,11,3,1,2,0,1369,1,0,0
M42,weekend,12,5,4,1,0,1272,5,0,0
M42,weekend,13,4,2,2,0,1885,2,0,0
M42,weekend,14,2,2,0,0,445,2,0,0
M42,weekend,15,1,1,0,0,223,1,0,0
M42,weekend,16,5,5,0,0,934,5,0,0
M42,weekend,18,7,6,0,1,459,5,0,0
M42,weekend,19,4,2,2,0,1367,4,0,0
M42,weekend,20,5,3,1,1,324,5,0,0
M42,weekend,21,1,1,0,0,168,1,0,0
M42,weekend,22,7,6,0,1,557,7,0,0
M44,weekday,6,17,16,0,1,563,0,0,0
M44,weekday,7,2,1,1,0,1017,0,0,0
M44,weekday,8,16,13,0,3,510,4,0,0
M44,weekday,9,4,4,0,0,564,1,0,0
M44,weekday,10,17,16,0,1,1212,12,0,0
M44,weekday,11,2,2,0,0,364,2,0,0
M44,weekday,12,13,11,0,2,-836,10,0,0
M44,weekday,13,1,0,1,0,616,0,0,0
M44,weekday,14,8,6,0,2,799,6,0,0
M44,weekday,15,2,0,2,0,1499,1,0,0
M44,weekday,16,9,8,1,0,1660,6,0,0
M44,weekday,17,13,4,9,0,7085,2,0,0
M44,weekday,18,16,11,5,0,5606,8,0,0
M44,weekday,19,6,1,5,0,3360,4,0,0
M44,weekday,20,16,13,1,2,1218,13,0,0
M44,weekday,21,3,0,3,0,1717,1,0,0
M44,weekday,22,15,10,2,3,1588,14,0,0
M44,weekend,8,6,4,0,2,-431,0,0,0
M44,weekend,9,1,0,1,0,1239,0,0,0
M44,weekend,10,4,3,0,1,-284,3,0,0
M44,weekend,11,1,0,1,0,2083,0,0,0
M44,weekend,12,1,1,0,0,133,1,0,0
M44,weekend,13,3,1,2,0,3097,0,0,0
M44,weekend,14,3,1,0,2,-228,2,0,0
M44,weekend,15,1,1,0,0,310,1,0,0
M44,weekend,16,5,3,0,2,-151,4,0,0
M44,weekend,17,2,0,2,0,892,2,0,0
M44,weekend,18,4,4,0,0,-34,3,0,0
M44,weekend,20,5,4,0,1,-280,5,0,0
M44,weekend,21,1,0,1,0,705,1,0,0
M44,weekend,22,4,2,0,2,-361,4,0,0
M52,weekday,5,5,0,5,0,2816,0,0,0
M52,weekday,6,7,7,0,0,1189,0,0,0
M52,weekday,7,5,0,5,0,3841,3,0,0
M52,weekday,8,7,6,1,0,1360,1,0,0
M52,weekday,9,4,3,1,0,2113,2,0,0
M52,weekday,10,11,8,0,3,-44,5,0,0
M52,weekday,12,14,11,0,3,285,11,0,0
M52,weekday,14,5,4,0,1,-324,5,0,0
M52,weekday,15,3,3,0,0,653,2,0,0
M52,weekday,16,3,1,2,0,1304,2,0,0
M52,weekday,17,11,4,7,0,8942,4,0,0
M52,weekday,18,1,1,0,0,112,1,0,0
M52,weekday,19,5,2,3,0,2667,2,0,0
M52,weekday,20,4,4,0,0,404,2,0,0
M52,weekday,21,2,2,0,0,359,0,0,0
M52,weekday,22,9,9,0,0,395,4,0,0
M52,weekend,6,2,2,0,0,187,0,0,0
M52,weekend,7,1,1,0,0,367,0,0,0
M52,weekend,8,3,2,0,1,-23,0,0,0
M52,weekend,10,6,6,0,0,619,4,0,0
M52,weekend,11,2,1,1,0,690,1,0,0
M52,weekend,12,3,2,0,1,183,3,0,0
M52,weekend,13,2,2,0,0,414,1,0,0
M52,weekend,14,5,3,1,1,568,5,0,0
M52,weekend,15,2,1,1,0,1046,1,0,0
M52,weekend,16,3,2,0,1,33,1,0,0
M52,weekend,17,1,1,0,0,254,1,0,0
M52,weekend,18,5,5,0,0,493,5,0,0
M52,weekend,19,1,1,0,0,310,1,0,0
M52,weekend,20,7,6,0,1,257,7,0,0
M52,weekend,21,1,1,0,0,167,1,0,0
M52,weekend,22,5,4,0,1,42,5,0,0
M54,weekday,5,4,2,2,0,1776,0,0,0
M54,weekday,6,8,8,0,0,1815,0,0,0
M54,weekday,7,9,6,3,0,3909,5,0,0
M54,weekday,8,3,3,0,0,994,2,0,0
M54,weekday,9,1,0,1,0,607,0,0,0
M54,weekday,10,6,6,0,0,1150,6,0,0
M54,weekday,11,6,3,3,0,3298,4,0,0
M54,weekday,12,7,6,1,0,1364,7,0,0
M54,weekday,13,4,2,2,0,1705,4,0,0
M54,weekday,14,3,2,1,0,928,3,0,0
M54,weekday,15,5,1,4,0,2717,2,0,0
M54,weekday,16,3,3,0,0,245,1,0,0
M54,weekday,17,6,2,2,2,899,2,0,0
M54,weekday,18,9,6,1,2,789,4,0,0
M54,weekday,19,4,3,1,0,1509,2,0,0
M54,weekday,20,5,5,0,0,1312,4,0,0
M54,weekday,22,9,8,1,0,2460,9,0,0
M54,weekend,5,2,1,1,0,810,0,0,0
M54,weekend,6,3,3,0,0,657,0,0,0
M54,weekend,7,1,1,0,0,192,0,0,0
M54,weekend,8,3,3,0,0,377,1,0,0
M54,weekend,9,1,0,1,0,434,0,0,0
M54,weekend,10,4,4,0,0,863,3,0,0
M54,weekend,11,2,0,2,0,1139,1,0,0
M54,weekend,12,3,3,0,0,427,3,0,0
M54,weekend,14,4,3,0,1,-247,4,0,0
M54,weekend,15,3,2,1,0,1569,2,0,0
M54,weekend,16,3,2,1,0,754,3,0,0
M54,weekend,17,2,1,1,0,603,2,0,0
M54,weekend,18,3,3,0,0,185,3,0,0
M54,weekend,19,3,3,0,0,666,2,0,0
M54,weekend,20,4,4,0,0,942,4,0,0
M54,weekend,22,3,3,0,0,703,3,0,0
M60,weekday,5,2,2,0,0,443,0,0,0
M60,weekday,6,17,16,0,1,641,0,0,0
M60,weekday,7,5,3,2,0,2236,1,0,0
M60,weekday,8,24,20,0,4,403,11,1,0
M60,weekday,9,3,2,1,0,1500,3,0,0
M60,weekday,10,20,16,0,4,718,18,2,0
M60,weekday,11,2,1,1,0,784,2,0,0
M60,weekday,12,25,18,0,7,-573,23,0,0
M60,weekday,13,3,1,2,0,1389,3,0,0
M60,weekday,14,9,6,0,3,421,9,1,0
M60,weekday,15,1,0,1,0,798,1,0,0
M60,weekday,16,12,11,0,1,802,12,1,0
M60,weekday,17,16,9,7,0,5065,4,2,0
M60,weekday,18,27,18,4,5,3550,22,2,1
M60,weekday,19,11,2,9,0,5732,10,0,0
M60,weekday,20,21,15,2,4,1218,19,4,0
M60,weekday,21,4,2,2,0,1736,4,0,0
M60,weekday,22,9,7,2,0,1829,9,0,0
M60,weekend,5,1,1,0,0,347,0,0,0
M60,weekend,6,2,2,0,0,236,0,0,0
M60,weekend,7,5,1,4,0,3855,2,0,0
M60,weekend,8,12,5,1,6,-970,4,1,0
M60,weekend,9,2,2,0,0,384,2,0,0
M60,weekend,10,9,6,0,3,-161,6,0,0
M60,weekend,11,6,2,4,0,2885,3,0,0
M60,weekend,12,7,5,0,2,-598,7,0,0
M60,weekend,13,2,0,2,0,1617,2,0,0
M60,weekend,14,13,8,0,5,-462,13,1,0
M60,weekend,15,3,0,3,0,1770,3,0,0
M60,weekend,16,10,7,0,3,-3,10,0,0
M60,weekend,17,1,0,1,0,558,1,0,0
M60,weekend,18,11,7,0,4,-26,11,0,0
M60,weekend,19,2,0,2,0,2208,2,0,0
M60,weekend,20,10,8,0,2,176,10,1,0
M60,weekend,22,4,3,0,1,-59,4,0,0
M6X,weekday,6,14,12,1,1,931,0,0,0
M6X,weekday,7,1,1,0,0,340,1,0,0
M6X,weekday,8,17,15,0,2,1358,8,0,0
M6X,weekday,15,3,2,1,0,1068,1,0,0
M6X,weekday,16,8,7,0,1,-243,3,0,0
M6X,weekday,17,10,10,0,0,791,0,0,0
M6X,weekday,18,21,19,0,2,384,16,0,0
M70,weekday,6,33,29,0,4,354,0,0,0
M70,weekday,7,10,6,4,0,3819,6,0,0
M70,weekday,8,25,23,0,2,1329,23,1,0
M70,weekday,9,7,5,2,0,2312,6,0,0
M70,weekday,10,32,31,0,1,1865,27,0,0
M70,weekday,11,5,5,0,0,1306,5,0,0
M70,weekday,12,35,29,2,4,3024,33,0,0
M70,weekday,13,3,2,1,0,908,3,0,0
M70,weekday,14,15,15,0,0,1841,15,0,0
M70,weekday,15,5,4,1,0,2248,5,0,0
M70,weekday,16,22,21,0,1,1581,21,1,0
M70,weekday,17,38,15,22,1,25198,22,3,0
M70,weekday,18,25,20,3,2,4022,20,2,0
M70,weekday,19,15,10,5,0,6226,14,0,0
M70,weekday,20,18,18,0,0,2468,18,1,0
M70,weekday,21,3,1,2,0,2863,3,1,0
M70,weekday,22,21,21,0,0,1047,19,0,0
M70,weekend,6,7,6,1,0,917,0,0,0
M70,weekend,7,2,2,0,0,681,1,0,0
M70,weekend,8,15,15,0,0,934,5,0,0
M70,weekend,9,1,1,0,0,220,0,0,0
M70,weekend,10,17,17,0,0,1291,14,0,0
M70,weekend,11,6,2,4,0,2486,5,0,0
M70,weekend,12,10,10,0,0,851,9,0,0
M70,weekend,13,5,4,1,0,1597,5,0,0
M70,weekend,14,13,11,0,2,610,13,0,0
M70,weekend,15,6,6,0,0,1550,6,0,0
M70,weekend,16,10,10,0,0,1454,10,0,0
M70,weekend,17,10,4,6,0,4219,10,0,0
M70,weekend,18,8,8,0,0,1979,8,1,0
M70,weekend,19,8,5,3,0,3091,8,0,0
M70,weekend,20,13,11,0,2,1128,13,1,0
M70,weekend,21,2,0,2,0,1111,2,0,0
M70,weekend,22,8,7,1,0,594,8,0,0
M82,weekday,6,15,15,0,0,995,0,0,0
M82,weekday,7,3,0,3,0,2203,0,0,0
M82,weekday,8,9,8,0,1,402,7,0,0
M82,weekday,9,2,0,2,0,2299,0,0,0
M82,weekday,10,21,20,0,1,563,13,0,0
M82,weekday,11,1,1,0,0,287,0,0,0
M82,weekday,12,20,19,0,1,823,17,0,0
M82,weekday,13,2,1,1,0,535,1,0,0
M82,weekday,14,7,7,0,0,841,6,0,0
M82,weekday,15,2,1,1,0,693,2,0,0
M82,weekday,16,7,7,0,0,732,7,0,0
M82,weekday,17,9,2,7,0,4844,1,0,0
M82,weekday,18,12,8,3,1,2774,9,0,0
M82,weekday,19,4,2,2,0,1272,2,0,0
M82,weekday,20,6,6,0,0,718,5,0,0
M82,weekend,7,2,2,0,0,571,0,0,0
M82,weekend,8,10,10,0,0,1196,0,0,0
M82,weekend,9,3,3,0,0,719,1,0,0
M82,weekend,10,10,10,0,0,1144,9,0,0
M82,weekend,11,3,2,1,0,852,3,0,0
M82,weekend,12,7,7,0,0,551,7,0,0
M82,weekend,13,1,1,0,0,253,1,0,0
M82,weekend,14,9,9,0,0,939,9,0,0
M82,weekend,16,8,8,0,0,97,8,0,0
M82,weekend,18,10,10,0,0,270,9,0,0
M82,weekend,20,2,2,0,0,167,2,0,0
P10,weekday,6,9,5,0,4,-634,0,0,0
P10,weekday,8,12,11,0,1,190,5,0,0
P10,weekday,9,2,2,0,0,597,1,0,0
P10,weekday,10,16,8,0,8,-648,10,0,0
P10,weekday,11,3,3,0,0,752,2,0,0
P10,weekday,12,9,7,0,2,525,8,0,0
P10,weekday,14,1,1,0,0,11,1,0,0
P10,weekday,15,2,0,2,0,1682,1,0,0
P10,weekday,16,5,5,0,0,21,3,0,0
P10,weekday,17,10,5,5,0,4791,2,0,0
P10,weekday,18,6,3,2,1,1907,2,0,0
P10,weekday,19,5,2,3,0,5954,4,0,0
P10,weekday,20,9,7,0,2,0,4,2,0
P10,weekday,21,1,0,1,0,1396,1,0,0
P10,weekday,22,9,7,0,2,62,7,0,0
P10,weekend,6,5,4,0,1,-124,0,0,0
P10,weekend,8,10,10,0,0,346,4,0,0
P10,weekend,9,1,1,0,0,282,0,0,0
P10,weekend,10,5,5,0,0,812,4,0,0
P10,weekend,11,2,2,0,0,474,0,0,0
P10,weekend,12,9,8,0,1,843,7,0,0
P10,weekend,14,7,7,0,0,421,5,0,0
P10,weekend,15,1,0,1,0,701,1,0,0
P10,weekend,16,4,3,0,1,-18,4,0,0
P10,weekend,18,5,4,0,1,-380,4,0,0
P10,weekend,19,2,2,0,0,412,2,0,0
P10,weekend,20,6,4,0,2,49,6,0,0
P10,weekend,22,5,4,0,1,76,5,0,0
P12,weekday,5,1,0,1,0,643,0,0,0
P12,weekday,6,3,2,1,0,938,0,0,0
P12,weekday,7,5,2,3,0,1977,0,0,0
P12,weekday,8,2,2,0,0,120,0,0,0
P12,weekday,10,10,10,0,0,1458,0,0,0
P12,weekday,12,7,5,0,2,555,3,0,0
P12,weekday,14,5,5,0,0,401,3,0,0
P12,weekday,15,2,0,2,0,1174,2,0,0
P12,weekday,16,1,0,0,1,-194,1,0,0
P12,weekday,17,5,4,0,1,203,0,0,0
P12,weekday,18,12,10,1,1,644,7,0,0
P12,weekday,19,2,2,0,0,235,2,0,0
P12,weekday,20,5,4,0,1,19,3,0,0
P12,weekday,22,1,1,0,0,-22,1,0,0
P12,weekend,7,1,0,1,0,1185,0,0,0
P12,weekend,8,6,6,0,0,172,0,0,0
P12,weekend,9,1,0,1,0,1480,0,0,0
P12,weekend,10,5,3,0,2,-1205,3,0,0
P12,weekend,11,1,1,0,0,300,0,0,0
P12,weekend,12,6,2,0,4,-459,5,0,0
P12,weekend,14,1,1,0,0,-77,1,0,0
P12,weekend,15,2,1,1,0,650,1,0,0
P12,weekend,16,2,1,0,1,-63,2,0,0
P12,weekend,17,2,2,0,0,561,2,0,0
P12,weekend,18,2,2,0,0,19,2,0,0
P12,weekend,19,3,3,0,0,602,2,0,0
P12,weekend,20,3,3,0,0,608,3,0,0
P12,weekend,22,6,5,0,1,-309,5,0,0
P14,weekday,5,4,1,3,0,3109,0,0,0
P14,weekday,6,4,4,0,0,-49,0,0,0
P14,weekday,7,5,2,3,0,2014,1,0,0
P14,weekday,8,6,6,0,0,536,2,0,0
P14,weekday,9,3,2,1,0,1269,1,0,0
P14,weekday,10,11,11,0,0,950,7,0,0
P14,weekday,11,1,1,0,0,351,1,0,0
P14,weekday,12,8,7,1,0,771,8,0,0
P14,weekday,13,1,0,1,0,496,1,0,0
P14,weekday,14,4,3,0,1,-161,4,0,0
P14,weekday,15,6,2,4,0,3456,1,0,0
P14,weekday,16,2,2,0,0,81,0,0,0
P14,weekday,17,14,11,2,1,2291,1,0,0
P14,weekday,18,13,8,1,4,131,5,0,0
P14,weekday,19,3,1,2,0,1644,3,0,0
P14,weekday,20,6,5,1,0,606,5,0,0
P14,weekday,21,3,2,1,0,1569,2,0,0
P14,weekday,22,2,1,0,1,-154,2,0,0
P14,weekend,6,2,1,0,1,-238,0,0,0
P14,weekend,8,2,1,0,1,-220,2,0,0
P14,weekend,10,4,2,0,2,-762,2,0,0
P14,weekend,12,3,1,0,2,-222,3,0,0
P14,weekend,14,3,3,0,0,283,2,0,0
P14,weekend,15,2,2,0,0,711,0,0,0
P14,weekend,16,1,1,0,0,344,1,0,0
P14,weekend,18,1,0,0,1,-135,1,0,0
P14,weekend,19,2,0,2,0,1640,0,0,0
P14,weekend,20,2,1,0,1,-168,2,0,0
P15,weekday,6,7,5,0,2,586,0,0,0
P15,weekday,7,4,2,2,0,2038,1,0,0
P15,weekday,8,5,4,0,1,202,0,0,0
P15,weekday,16,3,2,0,1,-41,0,0,0
P15,weekday,17,7,2,4,1,3467,1,1,0
P15,weekday,18,4,3,1,0,2058,2,1,0
P16,weekday,5,4,4,0,0,1321,0,0,0
P16,weekday,6,12,12,0,0,-19,0,0,0
P16,weekday,7,4,1,3,0,1729,2,0,0
P16,weekday,8,13,10,0,3,271,2,0,0
P16,weekday,10,23,11,0,12,-2932,13,0,0
P16,weekday,11,2,0,2,0,1025,1,0,0
P16,weekday,12,14,4,0,10,-1725,10,0,0
P16,weekday,13,1,0,1,0,582,1,0,0
P16,weekday,14,11,7,0,4,-424,9,0,0
P16,weekday,15,3,1,2,0,1519,3,0,0
P16,weekday,16,9,6,1,2,1990,6,0,0
P16,weekday,17,16,12,3,1,3727,4,1,0
P16,weekday,18,20,14,2,4,2148,15,3,3
P16,weekday,19,4,1,3,0,2151,4,0,0
P16,weekday,20,20,17,0,3,-613,16,0,0
P16,weekday,21,3,2,1,0,1180,3,0,0
P16,weekday,22,15,14,0,1,187,14,0,0
P16,weekend,6,1,1,0,0,50,0,0,0
P16,weekend,8,8,7,0,1,109,1,0,0
P16,weekend,9,1,1,0,0,190,0,0,0
P16,weekend,10,11,7,0,4,-742,8,0,0
P16,weekend,12,8,3,0,5,-946,6,0,0
P16,weekend,13,2,0,2,0,1040,0,0,0
P16,weekend,14,8,6,0,2,-47,8,0,0
P16,weekend,15,1,0,1,0,669,1,0,0
P16,weekend,16,7,7,0,0,508,5,0,0
P16,weekend,17,2,0,2,0,1442,0,0,0
P16,weekend,18,6,5,1,0,1111,6,0,0
P16,weekend,19,2,1,1,0,1280,1,0,0
P16,weekend,20,4,4,0,0,701,4,0,0
P16,weekend,22,4,3,0,1,-148,2,0,0
P1X,weekday,5,2,1,1,0,870,0,0,0
P1X,weekday,6,9,7,0,2,744,0,0,0
P1X,weekday,7,5,4,1,0,1468,1,0,0
P1X,weekday,8,12,6,0,6,-1205,4,0,0
P1X,weekday,9,4,0,4,0,2482,2,0,0
P1X,weekday,10,15,10,0,5,-716,9,0,0
P1X,weekday,11,5,4,1,0,1707,3,0,0
P1X,weekday,12,13,7,0,6,-1129,10,0,0
P1X,weekday,13,2,1,1,0,1083,1,0,0
P1X,weekday,14,5,4,0,1,-504,5,0,0
P1X,weekday,15,1,1,0,0,229,1,0,0
P1X,weekday,16,9,6,0,3,-376,6,0,0
P1X,weekday,17,14,6,8,0,4942,4,0,0
P1X,weekday,18,12,11,0,1,1097,6,0,0
P1X,weekday,19,7,3,4,0,2416,4,0,0
P1X,weekday,20,13,13,0,0,1155,10,0,0
P1X,weekday,21,9,3,6,0,4199,7,0,0
P1X,weekday,22,12,11,0,1,-263,10,0,0
P1X,weekend,6,3,2,0,1,-221,0,0,0
P1X,weekend,8,8,7,0,1,-529,2,0,0
P1X,weekend,10,9,8,0,1,684,7,0,0
P1X,weekend,12,8,7,0,1,976,7,0,0
P1X,weekend,13,3,1,2,0,1990,0,0,0
P1X,weekend,14,7,7,0,0,835,4,0,0
P1X,weekend,15,4,1,3,0,2360,3,0,0
P1X,weekend,16,7,5,1,1,706,6,0,0
P1X,weekend,17,3,1,2,0,1392,3,0,0
P1X,weekend,18,9,9,0,0,925,8,0,0
P1X,weekend,19,2,1,1,0,893,2,0,0
P1X,weekend,20,10,8,1,1,1904,10,0,0
P1X,weekend,21,2,0,2,0,1623,2,0,0
P1X,weekend,22,8,6,0,2,213,7,0,0
P20,weekday,5,2,2,0,0,539,0,0,0
P20,weekday,6,8,7,0,1,344,0,0,0
P20,weekday,7,1,1,0,0,405,1,0,0
P20,weekday,8,16,11,0,5,-950,5,0,0
P20,weekday,9,1,1,0,0,409,0,0,0
P20,weekday,10,13,10,0,3,-125,11,0,0
P20,weekday,12,15,12,0,3,-38,10,0,0
P20,weekday,13,2,0,2,0,1920,1,0,0
P20,weekday,14,4,2,0,2,-458,4,1,0
P20,weekday,15,1,0,1,0,497,1,0,0
P20,weekday,16,8,7,0,1,366,5,0,0
P20,weekday,17,9,8,1,0,2444,0,0,0
P20,weekday,18,16,15,1,0,3649,9,0,0
P20,weekday,19,4,3,1,0,1430,3,0,0
P20,weekday,20,14,13,1,0,2269,7,0,0
P20,weekday,22,5,5,0,0,156,3,0,0
P20,weekend,7,1,1,0,0,165,0,0,0
P20,weekend,8,8,6,0,2,-51,0,0,0
P20,weekend,10,8,2,0,6,-1608,5,0,0
P20,weekend,11,1,0,1,0,767,0,0,0
P20,weekend,12,9,3,0,6,-1034,6,0,0
P20,weekend,13,3,0,3,0,3221,1,0,0
P20,weekend,14,7,5,1,1,474,6,0,0
P20,weekend,16,9,5,0,4,-733,8,0,0
P20,weekend,18,9,7,0,2,82,8,0,0
P20,weekend,19,1,1,0,0,390,0,0,0
P20,weekend,20,6,3,0,3,-328,6,0,0
P20,weekend,22,9,7,0,2,-365,9,0,0
P21,weekday,5,3,3,0,0,581,0,0,0
P21,weekday,6,6,6,0,0,1232,0,0,0
P21,weekday,7,4,3,1,0,1369,0,0,0
P21,weekday,8,6,5,1,0,1469,0,0,0
P21,weekday,9,7,5,2,0,2630,3,0,0
P21,weekday,10,7,6,0,1,611,6,0,0
P21,weekday,11,4,4,0,0,721,2,0,0
P21,weekday,12,8,7,1,0,882,8,0,0
P21,weekday,13,4,1,3,0,2153,2,0,0
P21,weekday,14,5,3,0,2,622,4,0,0
P21,weekday,15,3,2,1,0,1236,2,0,0
P21,weekday,16,5,3,1,1,490,4,0,0
P21,weekday,17,12,6,6,0,6632,4,0,0
P21,weekday,18,6,3,2,1,1711,3,0,0
P21,weekday,19,6,3,3,0,2674,4,0,0
P21,weekday,20,2,2,0,0,124,1,0,0
P21,weekday,21,2,2,0,0,419,2,0,0
P21,weekday,22,8,8,0,0,776,4,0,0
P21,weekend,8,5,5,0,0,66,0,0,0
P21,weekend,9,1,1,0,0,283,0,0,0
P21,weekend,10,4,4,0,0,946,4,0,0
P21,weekend,12,5,5,0,0,-141,4,0,0
P21,weekend,13,2,2,0,0,416,1,0,0
P21,weekend,14,2,1,0,1,30,2,0,0
P21,weekend,15,1,1,0,0,130,1,0,0
P21,weekend,16,4,4,0,0,-49,4,0,0
P21,weekend,17,2,2,0,0,450,2,0,0
P21,weekend,18,3,3,0,0,-105,3,0,0
P21,weekend,19,1,1,0,0,399,1,0,0
P21,weekend,20,3,3,0,0,121,3,0,0
P21,weekend,21,1,1,0,0,315,1,0,0
P21,weekend,22,5,4,0,1,116,5,0,0
P24,weekday,5,5,0,5,0,2785,0,0,0
P24,weekday,6,7,7,0,0,1457,0,0,0
P24,weekday,7,3,1,2,0,1332,1,0,0
P24,weekday,8,6,6,0,0,954,5,0,0
P24,weekday,9,7,2,5,0,4992,3,0,0
P24,weekday,10,13,12,0,1,786,10,0,0
P24,weekday,11,2,0,2,0,1804,1,0,0
P24,weekday,12,13,9,0,4,-2295,11,0,0
P24,weekday,13,3,0,3,0,2471,1,0,0
P24,weekday,14,4,2,0,2,-314,4,0,0
P24,weekday,16,4,2,0,2,-501,3,0,0
P24,weekday,17,8,8,0,0,1701,2,0,0
P24,weekday,18,10,10,0,0,809,7,0,0
P24,weekday,19,4,1,3,0,2525,1,0,0
P24,weekday,20,11,11,0,0,1196,7,0,0
P24,weekday,21,4,1,3,0,2395,2,0,0
P24,weekday,22,1,1,0,0,-47,0,0,0
P24,weekend,8,3,3,0,0,72,0,0,0
P24,weekend,10,4,4,0,0,-229,3,0,0
P24,weekend,12,4,2,0,2,-507,4,0,0
P24,weekend,13,1,1,0,0,105,0,0,0
P24,weekend,14,3,3,0,0,346,2,0,0
P24,weekend,15,1,1,0,0,221,1,0,0
P24,weekend,16,3,3,0,0,202,3,0,0
P24,weekend,17,1,1,0,0,162,1,0,0
P24,weekend,18,2,2,0,0,313,2,0,0
P24,weekend,20,3,3,0,0,576,3,0,0
P24,weekend,22,1,1,0,0,76,0,0,0
P30,weekday,5,4,3,1,0,1127,0,0,0
P30,weekday,6,8,8,0,0,980,0,0,0
P30,weekday,7,13,7,6,0,4371,4,0,0
P30,weekday,8,22,19,0,3,853,9,1,0
P30,weekday,9,6,5,1,0,2060,5,0,0
P30,weekday,10,21,19,0,2,1146,13,0,0
P30,weekday,11,5,3,2,0,2145,5,0,0
P30,weekday,12,30,22,1,7,1696,27,0,0
P30,weekday,13,5,2,3,0,2343,3,0,0
P30,weekday,14,9,7,1,1,-318,9,1,0
P30,weekday,15,5,2,3,0,2694,5,0,0
P30,weekday,16,14,12,1,1,1753,13,2,0
P30,weekday,17,30,18,11,1,10050,11,1,0
P30,weekday,18,27,16,5,6,3615,20,4,0
P30,weekday,19,18,5,13,0,12113,17,0,0
P30,weekday,20,16,14,2,0,1975,14,0,0
P30,weekday,21,7,2,5,0,3586,7,0,0
P30,weekday,22,12,12,0,0,1982,11,0,0
P30,weekend,5,2,2,0,0,430,0,0,0
P30,weekend,6,4,4,0,0,911,0,0,0
P30,weekend,7,1,1,0,0,212,1,0,0
P30,weekend,8,16,15,0,1,1199,2,0,0
P30,weekend,9,3,2,1,0,967,2,0,0
P30,weekend,10,20,16,0,4,1055,17,0,0
P30,weekend,11,4,2,2,0,2152,4,0,0
P30,weekend,12,9,7,1,1,867,8,1,0
P30,weekend,13,4,3,1,0,1698,4,0,0
P30,weekend,14,10,10,0,0,1119,9,0,0
P30,weekend,15,4,2,2,0,1818,4,0,0
P30,weekend,16,8,8,0,0,1020,6,0,0
P30,weekend,17,4,2,2,0,1978,4,0,0
P30,weekend,18,12,9,1,2,1230,12,0,0
P30,weekend,19,2,2,0,0,621,2,0,0
P30,weekend,20,17,14,1,2,975,17,1,0
P30,weekend,22,5,4,0,1,71,5,0,0
P31,weekday,5,2,1,1,0,986,0,0,0
P31,weekday,6,10,9,1,0,1569,0,0,0
P31,weekday,7,5,0,5,0,3761,0,0,0
P31,weekday,8,8,7,0,1,511,5,0,0
P31,weekday,9,3,0,3,0,2137,2,0,0
P31,weekday,10,12,11,1,0,1669,10,0,0
P31,weekday,11,2,0,2,0,937,1,0,0
P31,weekday,12,14,12,1,1,1690,12,0,0
P31,weekday,13,3,1,2,0,1569,2,0,0
P31,weekday,14,4,4,0,0,772,4,0,0
P31,weekday,15,2,0,2,0,1413,1,0,0
P31,weekday,16,3,3,0,0,710,3,0,0
P31,weekday,17,4,1,3,0,2053,0,0,0
P31,weekday,18,9,8,1,0,2172,5,0,0
P31,weekday,19,4,2,2,0,1458,2,0,0
P31,weekday,20,7,7,0,0,741,5,0,0
P31,weekday,22,8,8,0,0,1340,5,0,0
P31,weekend,6,4,4,0,0,694,0,0,0
P31,weekend,8,8,6,0,2,217,2,0,0
P31,weekend,10,8,6,0,2,735,7,0,0
P31,weekend,11,3,1,2,0,1843,1,0,0
P31,weekend,12,4,2,0,2,-276,3,0,0
P31,weekend,13,2,1,1,0,985,2,0,0
P31,weekend,14,4,4,0,0,377,3,0,0
P31,weekend,15,2,0,2,0,929,1,0,0
P31,weekend,16,4,3,0,1,234,4,0,0
P31,weekend,18,4,4,0,0,141,4,0,0
P31,weekend,20,6,3,1,2,481,6,0,0
P31,weekend,22,5,5,0,0,435,5,0,0
P32,weekday,6,13,9,0,4,403,0,0,0
P32,weekday,7,2,1,1,0,1768,0,0,0
P32,weekday,8,16,10,0,6,-738,12,2,0
P32,weekday,10,15,12,0,3,791,9,0,0
P32,weekday,11,3,3,0,0,973,2,0,0
P32,weekday,12,15,15,0,0,906,15,0,0
P32,weekday,13,1,0,1,0,644,1,0,0
P32,weekday,14,7,6,0,1,270,7,0,0
P32,weekday,15,1,0,1,0,1369,0,0,0
P32,weekday,16,5,5,0,0,1119,4,0,0
P32,weekday,17,7,5,2,0,2197,1,0,0
P32,weekday,18,12,10,0,2,496,6,0,0
P32,weekday,19,2,2,0,0,533,1,0,0
P32,weekday,20,11,9,0,2,-699,6,0,0
P32,weekday,21,2,1,1,0,839,1,0,0
P32,weekday,22,12,11,0,1,766,11,0,0
P32,weekend,10,4,4,0,0,676,0,0,0
P32,weekend,12,4,4,0,0,331,4,0,0
P32,weekend,14,4,4,0,0,830,4,0,0
P32,weekend,15,2,0,2,0,2033,0,0,0
P32,weekend,16,2,2,0,0,293,2,0,0
P32,weekend,18,3,3,0,0,430,3,0,0
P32,weekend,20,4,4,0,0,677,4,0,0
P33,weekday,5,2,1,1,0,831,0,0,0
P33,weekday,6,6,6,0,0,156,0,0,0
P33,weekday,8,8,8,0,0,1391,3,0,0
P33,weekday,9,1,1,0,0,133,0,0,0
P33,weekday,10,12,12,0,0,1129,2,0,0
P33,weekday,11,2,1,1,0,599,2,0,0
P33,weekday,12,12,12,0,0,607,11,0,0
P33,weekday,13,1,1,0,0,194,1,0,0
P33,weekday,14,2,2,0,0,502,2,0,0
P33,weekday,15,2,0,2,0,1530,2,0,0
P33,weekday,16,3,3,0,0,5,2,0,0
P33,weekday,17,11,6,5,0,5751,4,0,0
P33,weekday,18,4,3,1,0,1238,3,0,0
P33,weekday,19,8,4,4,0,4943,4,0,0
P33,weekday,20,5,5,0,0,950,3,0,0
P33,weekday,21,3,1,2,0,2376,3,0,0
P33,weekday,22,1,1,0,0,-17,0,0,0
P33,weekend,5,1,1,0,0,256,0,0,0
P33,weekend,6,7,7,0,0,356,0,0,0
P33,weekend,8,1,1,0,0,131,0,0,0
P33,weekend,10,4,4,0,0,71,0,0,0
P33,weekend,12,3,3,0,0,167,3,0,0
P33,weekend,14,4,4,0,0,-13,4,0,0
P33,weekend,16,5,5,0,0,-86,5,0,0
P33,weekend,18,5,5,0,0,-15,4,0,0
P33,weekend,20,5,5,0,0,231,5,0,0
P33,weekend,22,3,3,0,0,379,3,0,0
P35,weekday,5,1,0,1,0,583,0,0,0
P35,weekday,6,8,8,0,0,482,0,0,0
P35,weekday,8,10,10,0,0,604,3,0,0
P35,weekday,9,1,0,1,0,878,0,0,0
P35,weekday,10,4,3,0,1,337,0,0,0
P35,weekday,11,1,0,1,0,647,0,0,0
P35,weekday,12,11,10,0,1,1177,7,0,0
P35,weekday,13,2,0,2,0,1196,1,0,0
P35,weekday,14,3,3,0,0,66,3,0,0
P35,weekday,15,2,2,0,0,777,0,0,0
P35,weekday,16,5,5,0,0,589,4,0,0
P35,weekday,17,12,11,1,0,2228,1,0,0
P35,weekday,18,14,9,1,4,564,6,0,0
P35,weekday,20,15,15,0,0,885,10,0,0
P35,weekday,22,4,1,0,3,-1016,2,0,0
P40,weekday,5,1,1,0,0,162,0,0,0
P40,weekday,6,23,19,0,4,589,0,0,0
P40,weekday,7,8,5,3,0,2918,1,0,0
P40,weekday,8,27,20,0,7,119,16,1,0
P40,weekday,9,4,3,1,0,1612,2,0,0
P40,weekday,10,36,28,0,8,2814,31,3,0
P40,weekday,11,6,1,5,0,3479,5,0,0
P40,weekday,12,29,26,1,2,467,25,1,0
P40,weekday,13,5,0,5,0,6211,5,0,0
P40,weekday,14,13,12,0,1,1503,13,1,0
P40,weekday,15,9,1,8,0,7474,9,2,0
P40,weekday,16,7,6,1,0,1202,5,1,0
P40,weekday,17,20,13,7,0,7936,4,0,0
P40,weekday,18,31,26,4,1,5847,24,2,0
P40,weekday,19,12,4,8,0,6253,11,1,0
P40,weekday,20,27,27,0,0,3216,24,0,0
P40,weekday,21,2,0,2,0,1734,2,0,0
P40,weekday,22,5,5,0,0,886,5,0,0
P40,weekend,7,1,1,0,0,279,0,0,0
P40,weekend,8,15,12,0,3,-21,0,0,0
P40,weekend,9,4,1,3,0,1551,4,0,0
P40,weekend,10,16,11,0,5,-422,9,1,0
P40,weekend,11,5,5,0,0,1024,1,0,0
P40,weekend,12,12,11,0,1,664,12,0,0
P40,weekend,13,3,0,3,0,2196,3,0,0
P40,weekend,14,15,13,0,2,1053,15,2,0
P40,weekend,15,9,0,9,0,6727,9,0,0
P40,weekend,16,12,9,2,1,1168,11,5,0
P40,weekend,17,8,3,5,0,4487,8,0,0
P40,weekend,18,15,12,1,2,1088,15,1,0
P40,weekend,19,5,0,5,0,2693,5,0,0
P40,weekend,20,15,12,0,3,-1571,15,2,0
P40,weekend,21,1,0,1,0,432,1,0,0
P40,weekend,22,3,2,0,1,460,3,0,0
P41,weekday,6,13,10,0,3,-29,0,0,0
P41,weekday,8,18,18,0,0,1854,10,0,0
P41,weekday,9,1,0,1,0,793,0,0,0
P41,weekday,10,21,15,0,6,-455,10,0,0
P41,weekday,12,25,18,0,7,702,22,0,0
P41,weekday,14,13,13,0,0,723,13,0,0
P41,weekday,15,3,2,1,0,1483,1,0,0
P41,weekday,16,9,7,0,2,-70,8,0,0
P41,weekday,17,13,7,2,4,1671,2,0,0
P41,weekday,18,10,6,1,3,1024,8,0,0
P41,weekday,19,2,2,0,0,601,2,0,0
P41,weekday,20,19,14,0,5,-1343,15,0,0
P41,weekday,21,1,0,1,0,584,1,0,0
P41,weekday,22,4,1,0,3,-1324,4,0,0
P41,weekend,6,2,2,0,0,-31,0,0,0
P41,weekend,7,2,1,1,0,903,0,0,0
P41,weekend,8,9,8,0,1,339,2,0,0
P41,weekend,9,2,2,0,0,436,1,0,0
P41,weekend,10,9,7,0,2,-184,6,0,0
P41,weekend,11,1,1,0,0,317,1,0,0
P41,weekend,12,12,12,0,0,158,9,0,0
P41,weekend,13,2,1,1,0,680,0,0,0
P41,weekend,14,9,9,0,0,712,9,0,0
P41,weekend,15,1,0,1,0,611,1,0,0
P41,weekend,16,9,4,0,5,-892,9,0,0
P41,weekend,17,1,0,1,0,1188,1,0,0
P41,weekend,18,7,6,0,1,344,7,0,0
P41,weekend,19,4,3,1,0,1443,2,0,0
P41,weekend,20,7,7,0,0,849,7,0,0
P41,weekend,21,1,1,0,0,222,1,0,0
P41,weekend,22,5,5,0,0,348,5,0,0
P42,weekday,5,2,2,0,0,574,0,0,0
P42,weekday,6,14,14,0,0,895,0,0,0
P42,weekday,7,2,0,2,0,1227,0,0,0
P42,weekday,8,17,16,1,0,1961,5,0,0
P42,weekday,9,1,0,1,0,823,0,0,0
P42,weekday,10,17,14,0,3,-753,6,0,0
P42,weekday,11,5,3,2,0,1866,4,0,0
P42,weekday,12,18,15,0,3,251,10,0,0
P42,weekday,13,1,0,1,0,523,1,0,0
P42,weekday,14,12,9,0,3,-253,11,0,0
P42,weekday,15,3,1,2,0,1821,3,0,0
P42,weekday,16,9,4,2,3,413,8,0,0
P42,weekday,17,20,11,5,4,4725,6,2,2
P42,weekday,18,25,15,1,9,-886,14,2,0
P42,weekday,19,12,4,8,0,6760,9,0,0
P42,weekday,20,10,5,0,5,-522,7,0,0
P42,weekday,21,4,2,2,0,1534,3,0,0
P42,weekday,22,18,17,1,0,1221,15,0,0
P42,weekend,7,1,1,0,0,222,0,0,0
P42,weekend,8,5,2,0,3,-628,0,0,0
P42,weekend,9,1,1,0,0,192,0,0,0
P42,weekend,10,8,7,0,1,-348,2,0,0
P42,weekend,11,2,0,2,0,2850,1,0,0
P42,weekend,12,7,6,0,1,400,6,0,0
P42,weekend,13,2,1,1,0,1230,0,0,0
P42,weekend,14,9,7,0,2,80,7,0,0
P42,weekend,15,2,1,1,0,981,2,0,0
P42,weekend,16,7,3,0,4,-1542,7,0,0
P42,weekend,17,1,1,0,0,222,0,0,0
P42,weekend,18,8,7,0,1,4,8,0,0
P42,weekend,19,1,1,0,0,307,0,0,0
P42,weekend,20,5,3,0,2,-185,5,0,0
P42,weekend,21,1,1,0,0,196,1,0,0
P42,weekend,22,3,3,0,0,323,3,0,0
P60,weekday,5,6,3,3,0,2970,0,0,0
P60,weekday,6,21,18,1,2,530,1,1,0
P60,weekday,7,13,7,6,0,6154,8,0,0
P60,weekday,8,21,19,0,2,1589,15,1,0
P60,weekday,9,6,3,3,0,4118,4,0,0
P60,weekday,10,18,11,1,6,152,18,3,0
P60,weekday,11,10,4,6,0,4504,8,0,0
P60,weekday,12,20,19,0,1,1707,19,0,0
P60,weekday,13,8,4,4,0,3582,8,0,0
P60,weekday,14,10,10,0,0,1513,9,0,0
P60,weekday,15,5,3,2,0,2025,5,0,0
P60,weekday,16,13,10,2,1,1704,12,0,0
P60,weekday,17,23,19,3,1,3172,6,1,0
P60,weekday,18,23,19,1,3,1556,17,0,0
P60,weekday,19,5,5,0,0,1181,5,0,0
P60,weekday,20,21,17,1,3,344,20,0,0
P60,weekday,21,3,3,0,0,612,3,0,0
P60,weekday,22,6,5,1,0,1139,5,0,0
P60,weekend,6,1,0,1,0,587,0,0,0
P60,weekend,7,1,1,0,0,283,0,0,0
P60,weekend,8,16,12,0,4,-776,1,0,0
P60,weekend,9,1,0,1,0,463,1,0,0
P60,weekend,10,15,13,0,2,-328,11,0,0
P60,weekend,11,3,3,0,0,1063,2,0,0
P60,weekend,12,13,12,0,1,1578,12,0,0
P60,weekend,13,1,1,0,0,374,1,0,0
P60,weekend,14,15,14,0,1,561,15,0,0
P60,weekend,15,1,1,0,0,315,1,0,0
P60,weekend,16,19,15,0,4,-993,19,0,0
P60,weekend,17,3,2,1,0,971,2,0,0
P60,weekend,18,14,12,0,2,344,14,1,0
P60,weekend,19,3,3,0,0,1080,3,0,0
P60,weekend,20,15,14,0,1,834,15,0,0
P60,weekend,22,3,3,0,0,-17,3,0,0
P61,weekday,6,8,5,0,3,-641,0,0,0
P61,weekday,7,5,3,2,0,1914,0,0,0
P61,weekday,8,9,9,0,0,901,4,0,0
P61,weekday,9,3,3,0,0,944,1,0,0
P61,weekday,10,12,10,0,2,54,8,0,0
P61,weekday,11,3,3,0,0,862,3,0,0
P61,weekday,12,6,6,0,0,359,6,0,0
P61,weekday,13,4,2,2,0,2255,2,0,0
P61,weekday,14,3,3,0,0,71,3,0,0
P61,weekday,15,5,0,5,0,4191,2,0,0
P61,weekday,16,4,3,0,1,-88,1,0,0
P61,weekday,17,14,6,8,0,6751,4,0,0
P61,weekday,18,8,7,1,0,2231,4,0,0
P61,weekday,19,4,4,0,0,1304,2,0,0
P61,weekday,20,7,7,0,0,551,3,0,0
P61,weekday,21,1,0,1,0,644,1,0,0
P61,weekday,22,13,10,1,2,517,11,0,0
P61,weekend,5,1,1,0,0,286,0,0,0
P61,weekend,6,2,2,0,0,457,0,0,0
P61,weekend,8,4,4,0,0,476,2,0,0
P61,weekend,10,4,3,0,1,115,3,0,0
P61,weekend,11,1,1,0,0,167,0,0,0
P61,weekend,12,4,2,0,2,-337,4,0,0
P61,weekend,13,4,2,2,0,1915,0,0,0
P61,weekend,14,5,3,0,2,-466,2,0,0
P61,weekend,15,1,1,0,0,285,0,0,0
P61,weekend,16,9,9,0,0,254,6,0,0
P61,weekend,18,5,5,0,0,522,3,0,0
P61,weekend,19,1,1,0,0,279,1,0,0
P61,weekend,20,4,3,0,1,252,3,0,0
P61,weekend,21,1,1,0,0,373,1,0,0
P61,weekend,22,3,1,0,2,-467,3,0,0
P62,weekday,5,1,0,1,0,1124,0,0,0
P62,weekday,6,4,3,0,1,-100,0,0,0
P62,weekday,7,1,0,1,0,435,0,0,0
P62,weekday,8,18,16,0,2,1009,1,0,0
P62,weekday,9,3,3,0,0,1020,0,0,0
P62,weekday,10,9,6,0,3,-348,4,0,0
P62,weekday,11,1,1,0,0,142,1,0,0
P62,weekday,12,5,4,0,1,412,1,0,0
P62,weekday,13,2,1,1,0,993,1,0,0
P62,weekday,14,2,1,0,1,-272,1,0,0
P62,weekday,15,3,0,3,0,2332,3,0,0
P62,weekday,16,10,7,1,2,1239,8,0,0
P62,weekday,17,24,15,6,3,5544,6,1,0
P62,weekday,18,29,15,5,9,2210,18,0,0
P62,weekday,20,6,6,0,0,58,5,0,0
P62,weekday,21,1,1,0,0,193,1,0,0
P62,weekday,22,11,9,0,2,845,11,0,0
P62,weekend,7,1,0,1,0,526,0,0,0
P62,weekend,8,4,3,1,0,1103,0,0,0
P62,weekend,10,4,2,0,2,-14,2,0,0
P62,weekend,11,1,1,0,0,167,0,0,0
P62,weekend,12,2,2,0,0,238,2,0,0
P62,weekend,13,1,1,0,0,164,0,0,0
P62,weekend,16,4,1,1,2,199,4,0,0
P62,weekend,18,5,3,0,2,-444,5,0,0
P62,weekend,19,1,0,1,0,433,1,0,0
P62,weekend,20,3,3,0,0,299,3,0,0
P62,weekend,22,5,3,0,2,-494,5,0,0
P63,weekday,6,5,4,0,1,60,0,0,0
P63,weekday,7,2,1,1,0,1027,0,0,0
P63,weekday,8,13,12,1,0,1930,4,0,0
P63,weekday,10,7,7,0,0,-98,6,0,0
P63,weekday,12,5,5,0,0,518,5,0,0
P63,weekday,14,4,4,0,0,115,3,0,0
P63,weekday,15,2,1,1,0,662,0,0,0
P63,weekday,16,5,5,0,0,-7,5,0,0
P63,weekday,17,5,5,0,0,1123,1,0,0
P63,weekday,18,9,6,1,2,582,6,0,0
P63,weekday,19,2,1,1,0,709,1,0,0
P63,weekday,20,6,6,0,0,1026,4,0,0
P63,weekday,21,1,0,1,0,788,0,0,0
P63,weekend,8,1,1,0,0,-49,0,0,0
P63,weekend,10,1,1,0,0,-19,1,0,0
P63,weekend,12,2,2,0,0,-162,1,0,0
P63,weekend,14,1,1,0,0,40,1,0,0
P63,weekend,15,1,1,0,0,342,0,0,0
P63,weekend,18,1,1,0,0,43,1,0,0
P63,weekend,20,1,1,0,0,9,1,0,0
P66,weekday,5,1,0,1,0,471,0,0,0
P66,weekday,6,3,3,0,0,67,0,0,0
P66,weekday,8,4,4,0,0,91,1,0,0
P66,weekday,9,2,2,0,0,559,0,0,0
P66,weekday,10,4,4,0,0,279,0,0,0
P66,weekday,12,7,3,0,4,-235,5,0,0
P66,weekday,14,2,2,0,0,111,2,0,0
P66,weekday,15,1,0,1,0,555,1,0,0
P66,weekday,16,4,4,0,0,363,3,0,0
P66,weekday,17,8,6,2,0,1260,0,0,0
P66,weekday,18,11,11,0,0,1510,9,0,0
P66,weekday,19,1,1,0,0,314,1,0,0
P66,weekday,20,2,2,0,0,25,2,0,0
P66,weekday,22,9,7,0,2,-231,7,0,0
P66,weekend,6,1,1,0,0,226,0,0,0
P66,weekend,8,4,2,0,2,-365,1,0,0
P66,weekend,9,1,0,1,0,849,0,0,0
P66,weekend,10,1,1,0,0,-19,1,0,0
P66,weekend,12,3,2,0,1,-231,3,0,0
P66,weekend,14,1,0,0,1,-344,1,0,0
P66,weekend,15,1,0,1,0,674,1,0,0
P66,weekend,16,2,1,0,1,-187,2,0,0
P66,weekend,18,3,2,0,1,77,3,0,0
P66,weekend,19,2,1,1,0,1250,0,0,0
P66,weekend,20,1,1,0,0,-80,1,0,0
P66,weekend,21,1,1,0,0,100,1,0,0
P66,weekend,22,1,1,0,0,44,1,0,0
P72,weekday,6,16,16,0,0,706,0,0,0
P72,weekday,7,4,3,1,0,1311,0,0,0
P72,weekday,8,24,18,0,6,-454,7,0,0
P72,weekday,10,12,11,0,1,375,8,0,0
P72,weekday,11,1,1,0,0,377,1,0,0
P72,weekday,12,8,5,0,3,-771,7,0,0
P72,weekday,14,6,4,0,2,-156,6,0,0
P72,weekday,15,2,0,2,0,1264,0,0,0
P72,weekday,16,13,12,1,0,980,8,0,0
P72,weekday,17,13,9,4,0,5117,2,0,0
P72,weekday,18,21,20,0,1,1471,8,0,0
P72,weekday,19,2,2,0,0,442,1,0,0
P72,weekday,20,14,12,0,2,495,11,0,0
P72,weekday,21,1,0,1,0,763,1,0,0
P72,weekday,22,14,9,0,5,-456,13,0,0
P72,weekend,8,4,3,0,1,-8,0,0,0
P72,weekend,9,1,1,0,0,407,0,0,0
P72,weekend,10,6,5,1,0,819,2,0,0
P72,weekend,12,7,3,0,4,-666,5,0,0
P72,weekend,13,1,1,0,0,255,0,0,0
P72,weekend,14,6,6,0,0,233,5,0,0
P72,weekend,16,5,2,0,3,-276,4,0,0
P72,weekend,17,1,1,0,0,347,0,0,0
P72,weekend,18,5,5,0,0,549,5,0,0
P72,weekend,20,6,6,0,0,631,6,0,0
P73,weekday,5,4,4,0,0,825,0,0,0
P73,weekday,6,10,6,0,4,-168,0,0,0
P73,weekday,8,10,6,0,4,-608,7,0,0
P73,weekday,9,1,1,0,0,372,0,0,0
P73,weekday,10,5,5,0,0,866,5,0,0
P73,weekday,12,5,5,0,0,582,5,0,0
P73,weekday,13,1,1,0,0,256,1,0,0
P73,weekday,14,2,1,0,1,149,2,0,0
P73,weekday,15,1,1,0,0,286,0,0,0
P73,weekday,16,6,4,0,2,33,5,0,0
P73,weekday,17,8,5,1,2,950,0,0,0
P73,weekday,18,12,10,0,2,219,8,0,0
P73,weekday,19,1,1,0,0,374,1,0,0
P73,weekday,20,12,4,0,8,-2139,8,0,0
P87,weekday,5,1,0,1,0,672,0,0,0
P87,weekday,6,4,4,0,0,320,0,0,0
P87,weekday,8,7,7,0,0,1607,3,0,0
P87,weekday,10,7,7,0,0,1477,7,0,0
P87,weekday,11,1,0,1,0,738,0,0,0
P87,weekday,12,7,6,0,1,1125,6,0,0
P87,weekday,13,1,0,1,0,762,0,0,0
P87,weekday,14,3,3,0,0,483,3,0,0
P87,weekday,15,4,1,3,0,2765,0,0,0
P87,weekday,17,12,4,6,2,6109,3,0,1
P87,weekday,18,3,3,0,0,496,2,1,0
P87,weekday,20,7,6,0,1,450,5,0,0
P87,weekday,22,6,6,0,0,795,5,0,0
P87,weekend,7,1,0,1,0,492,0,0,0
P87,weekend,8,2,2,0,0,147,0,0,0
P87,weekend,10,3,2,0,1,-83,1,0,0
P87,weekend,11,1,1,0,0,192,0,0,0
P87,weekend,12,2,2,0,0,387,2,0,0
P87,weekend,13,1,0,1,0,526,1,0,0
P87,weekend,14,1,1,0,0,277,1,0,0
P87,weekend,15,1,0,1,0,1061,0,0,0
P87,weekend,16,1,1,0,0,252,1,0,0
P87,weekend,17,1,1,0,0,257,1,0,0
P87,weekend,18,2,2,0,0,385,2,0,0
P87,weekend,19,1,0,1,0,553,1,0,0
P87,weekend,20,3,2,0,1,7,3,0,0
P87,weekend,21,1,0,1,0,646,1,0,0
P87,weekend,22,2,2,0,0,178,2,0,0
P90,weekday,5,2,0,2,0,1961,0,0,0
P90,weekday,6,9,9,0,0,804,0,0,0
P90,weekday,7,8,5,3,0,3710,0,0,0
P90,weekday,8,12,7,0,5,-547,7,1,0
P90,weekday,9,5,3,2,0,1982,4,0,0
P90,weekday,10,16,13,0,3,633,10,0,0
P90,weekday,11,11,8,3,0,3939,8,0,0
P90,weekday,12,17,16,1,0,2324,15,0,0
P90,weekday,13,6,4,2,0,2213,5,0,0
P90,weekday,14,7,7,0,0,1280,7,0,0
P90,weekday,15,2,2,0,0,357,2,0,0
P90,weekday,16,9,8,1,0,1428,7,0,0
P90,weekday,17,18,11,7,0,5708,5,0,0
P90,weekday,18,16,13,2,1,975,13,1,0
P90,weekday,19,15,6,9,0,10418,13,2,1
P90,weekday,20,12,11,1,0,2528,7,0,0
P90,weekday,21,7,6,1,0,2383,6,0,0
P90,weekday,22,10,10,0,0,1760,10,0,0
P90,weekend,5,2,2,0,0,605,0,0,0
P90,weekend,6,5,5,0,0,477,0,0,0
P90,weekend,8,7,6,0,1,268,4,0,0
P90,weekend,10,8,8,0,0,-145,7,0,0
P90,weekend,11,1,1,0,0,407,0,0,0
P90,weekend,12,9,6,0,3,-86,8,0,0
P90,weekend,13,2,1,1,0,864,1,0,0
P90,weekend,14,9,8,0,1,835,8,0,0
P90,weekend,15,3,0,3,0,2761,0,0,0
P90,weekend,16,5,4,0,1,168,5,0,0
P90,weekend,17,2,1,1,0,780,2,0,0
P90,weekend,18,8,6,2,0,1497,8,0,0
P90,weekend,19,1,0,1,0,457,1,0,0
P90,weekend,20,7,5,0,2,47,7,0,0
P90,weekend,21,1,0,1,0,497,1,0,0
P90,weekend,22,4,4,0,0,631,4,0,0
P93,weekday,6,22,19,0,3,-440,4,0,0
P93,weekday,7,6,4,2,0,2059,0,0,0
P93,weekday,8,13,9,0,4,-766,11,0,0
P93,weekday,9,5,3,2,0,1684,4,0,0
P93,weekday,10,13,9,0,4,-859,13,0,0
P93,weekday,11,6,3,3,0,2391,3,0,0
P93,weekday,12,17,11,0,6,-769,12,0,0
P93,weekday,13,1,0,1,0,823,0,0,0
P93,weekday,14,5,2,0,3,-153,4,0,0
P93,weekday,16,5,4,0,1,-167,3,0,0
P93,weekday,17,11,9,2,0,2433,3,0,0
P93,weekday,18,12,9,0,3,46,5,0,0
P93,weekday,19,3,2,1,0,913,0,0,0
P93,weekday,20,11,6,0,5,-1020,10,0,0
P93,weekend,7,1,0,1,0,584,0,0,0
P93,weekend,8,11,8,0,3,-565,0,0,0
P93,weekend,9,1,0,1,0,701,0,0,0
P93,weekend,10,11,8,0,3,232,9,0,0
P93,weekend,11,2,0,2,0,3084,2,0,0
P93,weekend,12,7,6,0,1,204,4,0,0
P93,weekend,13,3,0,3,0,1959,1,0,0
P93,weekend,14,5,2,1,2,-117,5,0,0
P93,weekend,15,1,1,0,0,226,1,0,0
P93,weekend,16,3,3,0,0,2,2,0,0
P93,weekend,17,2,0,2,0,2307,1,0,0
P93,weekend,18,2,1,0,1,-61,1,0,0
P93,weekend,19,6,1,5,0,3635,5,0,0
P93,weekend,20,4,3,0,1,156,4,0,0
P94,weekday,5,2,2,0,0,742,0,0,0
P94,weekday,6,17,13,0,4,395,0,0,0
P94,weekday,7,6,2,4,0,2435,0,0,0
P94,weekday,8,20,19,0,1,1917,12,0,0
P94,weekday,9,5,5,0,0,1313,2,0,0
P94,weekday,10,25,24,0,1,1750,21,0,0
P94,weekday,11,6,3,3,0,2217,0,0,0
P94,weekday,12,17,14,0,3,937,14,0,0
P94,weekday,14,9,7,0,2,625,8,0,0
P94,weekday,15,2,0,2,0,1231,2,0,0
P94,weekday,16,11,8,0,3,529,9,0,0
P94,weekday,17,13,10,3,0,3358,1,0,0
P94,weekday,18,19,15,3,1,3419,13,0,1
P94,weekday,19,4,2,2,0,1759,3,0,0
P94,weekday,20,29,27,1,1,2410,21,0,0
P94,weekday,21,6,1,5,0,8307,5,0,0
P94,weekday,22,12,9,2,1,1334,11,0,0
P94,weekend,7,2,0,2,0,1193,0,0,0
P94,weekend,8,12,10,0,2,871,0,0,0
P94,weekend,9,5,3,2,0,2309,1,0,0
P94,weekend,10,7,5,1,1,846,4,0,0
P94,weekend,11,1,0,1,0,466,1,0,0
P94,weekend,12,9,9,0,0,1473,8,0,0
P94,weekend,13,2,2,0,0,450,0,0,0
P94,weekend,14,15,14,0,1,1353,13,0,0
P94,weekend,15,5,3,2,0,2098,3,0,0
P94,weekend,16,11,11,0,0,1680,10,0,0
P94,weekend,17,2,2,0,0,512,1,0,0
P94,weekend,18,16,16,0,0,1225,15,0,0
P94,weekend,19,3,2,1,0,1136,3,0,0
P94,weekend,20,8,7,1,0,724,8,0,0
P94,weekend,22,12,10,0,2,707,12,0,0
P96,weekday,5,1,0,1,0,739,0,0,0
P96,weekday,6,10,9,0,1,-263,0,0,0
P96,weekday,7,1,0,1,0,433,0,0,0
P96,weekday,8,10,10,0,0,1972,3,0,0
P96,weekday,9,1,0,1,0,519,0,0,0
P96,weekday,10,11,8,1,2,877,10,0,0
P96,weekday,12,11,9,0,2,121,10,0,0
P96,weekday,14,4,4,0,0,499,4,0,0
P96,weekday,15,1,0,1,0,434,0,0,0
P96,weekday,16,4,3,0,1,-58,3,0,0
P96,weekday,17,7,2,3,2,2043,1,0,0
P96,weekday,18,12,10,0,2,994,6,0,0
P96,weekday,19,5,1,4,0,2820,2,0,0
P96,weekday,20,11,11,0,0,445,6,0,0
P96,weekday,22,19,12,0,7,-531,14,0,0
P96,weekend,5,1,0,1,0,470,0,0,0
P96,weekend,6,5,4,0,1,-122,0,0,0
P96,weekend,8,7,7,0,0,-30,4,0,0
P96,weekend,9,1,1,0,0,343,0,0,0
P96,weekend,10,6,4,0,2,-712,4,0,0
P96,weekend,12,7,5,0,2,87,7,0,0
P96,weekend,14,5,5,0,0,594,3,0,0
P96,weekend,15,3,0,3,0,3271,2,0,0
P96,weekend,16,5,5,0,0,507,5,0,0
P96,weekend,18,6,5,1,0,1075,5,0,0
P96,weekend,20,5,3,1,1,440,5,0,0
P96,weekend,22,7,5,0,2,460,6,0,0
P97,weekday,6,19,18,0,1,-424,0,0,0
P97,weekday,7,2,1,1,0,1347,1,0,0
P97,weekday,8,9,7,0,2,30,4,0,0
P97,weekday,9,1,0,1,0,1660,1,0,0
P97,weekday,10,15,10,0,5,-715,4,0,0
P97,weekday,11,2,0,2,0,2296,1,0,0
P97,weekday,12,6,6,0,0,1347,6,0,0
P97,weekday,14,5,4,0,1,493,4,0,0
P97,weekday,15,2,2,0,0,569,2,0,0
P97,weekday,16,5,2,0,3,-1160,4,0,0
P97,weekday,17,9,5,2,2,941,0,0,0
P97,weekday,18,17,11,2,4,813,9,0,0
P97,weekday,20,5,5,0,0,563,4,0,0
